,Variable,Importance,MonthYear
0,event_count_10,0.031092502176761624,201402
1,event_count_12,0.0,201402
2,event_count_13,0.01943489909172058,201402
3,event_count_20,0.02852420136332512,201402
4,event_count_30,0.032935164868831635,201402
5,event_count_36,0.034975908696651466,201402
6,event_count_40,0.04487507790327072,201402
7,event_count_42,0.03264600783586502,201402
8,event_count_43,0.04444482177495957,201402
9,event_count_46,0.02106635458767414,201402
10,event_count_50,0.03972356021404266,201402
11,event_count_51,0.04072590172290802,201402
12,event_count_57,0.06717716157436371,201402
13,event_count_60,0.03556691110134125,201402
14,event_count_70,0.1101413369178772,201402
15,event_count_71,0.00488854106515646,201402
16,event_count_84,0.009259169921278955,201402
17,event_count_90,0.05665690824389458,201402
18,event_count_100,0.022092541679739952,201402
19,event_count_110,0.06414472311735152,201402
20,event_count_111,0.03690887615084648,201402
21,event_count_112,0.07260707020759583,201402
22,event_count_120,0.07025931775569916,201402
23,event_count_173,0.042275257408618934,201402
24,event_count_190,0.037577815353870385,201402
25,event_count_10,0.018934454768896103,201403
26,event_count_12,0.0,201403
27,event_count_13,0.01707945205271244,201403
28,event_count_20,0.0177383441478014,201403
29,event_count_30,0.025366298854351044,201403
30,event_count_36,0.021876979619264603,201403
31,event_count_40,0.02624183520674705,201403
32,event_count_42,0.03438497707247734,201403
33,event_count_43,0.03727889433503151,201403
34,event_count_46,0.041862260550260544,201403
35,event_count_50,0.03121600858867168,201403
36,event_count_51,0.029691411182284355,201403
37,event_count_57,0.058469664305448525,201403
38,event_count_60,0.03985542431473732,201403
39,event_count_70,0.08375261723995209,201403
40,event_count_71,0.040718596428632736,201403
41,event_count_84,0.026397161185741425,201403
42,event_count_90,0.10145247727632524,201403
43,event_count_100,0.02535826526582241,201403
44,event_count_110,0.11564210802316666,201403
45,event_count_111,0.056955050677061074,201403
46,event_count_112,0.06410738825798035,201403
47,event_count_120,0.04532957449555397,201403
48,event_count_173,0.02149241417646408,201403
49,event_count_190,0.018798293545842167,201403
50,event_count_10,0.035406101495027535,201404
51,event_count_12,0.01053396798670292,201404
52,event_count_13,0.023817025125026703,201404
53,event_count_20,0.02756134606897831,201404
54,event_count_30,0.023695463314652443,201404
55,event_count_36,0.02631524764001369,201404
56,event_count_40,0.03347950801253319,201404
57,event_count_42,0.044082362204790115,201404
58,event_count_43,0.02873637713491917,201404
59,event_count_46,0.04184730350971222,201404
60,event_count_50,0.020996803417801857,201404
61,event_count_51,0.035351485013961785,201404
62,event_count_57,0.050195738673210144,201404
63,event_count_60,0.02503838762640953,201404
64,event_count_70,0.09751248359680176,201404
65,event_count_71,0.03120639733970165,201404
66,event_count_84,0.02386529743671417,201404
67,event_count_90,0.06137266755104065,201404
68,event_count_100,0.009581051766872406,201404
69,event_count_110,0.09436379373073578,201404
70,event_count_111,0.03742687404155731,201404
71,event_count_112,0.07680395245552063,201404
72,event_count_120,0.052324946969747536,201404
73,event_count_173,0.024312932044267654,201404
74,event_count_190,0.06417248398065567,201404
75,event_count_10,0.046804986894130714,201405
76,event_count_12,0.0,201405
77,event_count_13,0.03176625072956085,201405
78,event_count_20,0.01987849734723568,201405
79,event_count_30,0.02592320926487446,201405
80,event_count_36,0.02739899791777134,201405
81,event_count_40,0.03813134878873825,201405
82,event_count_42,0.028431504964828488,201405
83,event_count_43,0.02946463599801064,201405
84,event_count_46,0.051130618900060654,201405
85,event_count_50,0.0404316820204258,201405
86,event_count_51,0.030875438824296,201405
87,event_count_57,0.03843826428055763,201405
88,event_count_60,0.020920110866427418,201405
89,event_count_70,0.12352053821086885,201405
90,event_count_71,0.02355375327169895,201405
91,event_count_84,0.02743019349873066,201405
92,event_count_90,0.06902988255023956,201405
93,event_count_100,0.0162452943623066,201405
94,event_count_110,0.1006276085972786,201405
95,event_count_111,0.022003112360835075,201405
96,event_count_112,0.057523272931575775,201405
97,event_count_120,0.04820225015282631,201405
98,event_count_173,0.02629801630973816,201405
99,event_count_190,0.055970534682273865,201405
100,event_count_10,0.06356789916753769,201406
101,event_count_12,0.0,201406
102,event_count_13,0.0514863170683384,201406
103,event_count_20,0.027792183682322502,201406
104,event_count_30,0.034608956426382065,201406
105,event_count_36,0.044858984649181366,201406
106,event_count_40,0.04201830178499222,201406
107,event_count_42,0.036266129463911057,201406
108,event_count_43,0.02577661350369453,201406
109,event_count_46,0.04439044743776322,201406
110,event_count_50,0.039630081504583366,201406
111,event_count_51,0.029200956225395206,201406
112,event_count_57,0.045142941176891334,201406
113,event_count_60,0.04516710713505745,201406
114,event_count_70,0.035937737673521035,201406
115,event_count_71,0.046829722821712494,201406
116,event_count_84,0.02747600898146629,201406
117,event_count_90,0.048042334616184235,201406
118,event_count_100,0.031096380203962326,201406
119,event_count_110,0.08581017702817917,201406
120,event_count_111,0.04306073859333992,201406
121,event_count_112,0.07158277183771132,201406
122,event_count_120,0.020693406462669373,201406
123,event_count_173,0.027216700837016102,201406
124,event_count_190,0.032347120344638824,201406
125,event_count_10,0.07824579626321793,201407
126,event_count_12,0.0,201407
127,event_count_13,0.1736389398574829,201407
128,event_count_20,0.02725629881024361,201407
129,event_count_30,0.0,201407
130,event_count_36,0.0,201407
131,event_count_40,0.029893111437559124,201407
132,event_count_42,0.06556051224470139,201407
133,event_count_43,0.020834097638726238,201407
134,event_count_46,0.04868777468800545,201407
135,event_count_50,0.0,201407
136,event_count_51,0.054476298391819,201407
137,event_count_57,0.08876168727874756,201407
138,event_count_60,0.0021302688401192427,201407
139,event_count_70,0.06955442577600479,201407
140,event_count_71,0.0,201407
141,event_count_84,0.051037438213825226,201407
142,event_count_90,0.06950543075799942,201407
143,event_count_100,0.0,201407
144,event_count_110,0.07620710879564285,201407
145,event_count_111,0.05060460790991783,201407
146,event_count_112,0.0,201407
147,event_count_120,0.044433340430259705,201407
148,event_count_173,0.0,201407
149,event_count_190,0.049172837287187576,201407
150,event_count_10,0.07180260121822357,201408
151,event_count_12,0.0,201408
152,event_count_13,0.0725017860531807,201408
153,event_count_20,0.0480327382683754,201408
154,event_count_30,0.06358650326728821,201408
155,event_count_36,0.015584866516292097,201408
156,event_count_40,0.03297120705246925,201408
157,event_count_42,0.023695724084973332,201408
158,event_count_43,0.03488264977931976,201408
159,event_count_46,0.048025686293840415,201408
160,event_count_50,0.04198557510972023,201408
161,event_count_51,0.04730095714330673,201408
162,event_count_57,0.05877303332090378,201408
163,event_count_60,0.03492139279842377,201408
164,event_count_70,0.035100400447845466,201408
165,event_count_71,0.0,201408
166,event_count_84,0.050881300121545785,201408
167,event_count_90,0.03781216964125633,201408
168,event_count_100,0.021174397319555286,201408
169,event_count_110,0.02124075405299664,201408
170,event_count_111,0.02400255762040615,201408
171,event_count_112,0.09079308062791824,201408
172,event_count_120,0.05324539169669151,201408
173,event_count_173,0.03577220439910889,201408
174,event_count_190,0.03591302037239075,201408
175,event_count_10,0.03909324854612351,201409
176,event_count_12,0.0,201409
177,event_count_13,0.37601980566978455,201409
178,event_count_20,0.02722669020295143,201409
179,event_count_30,0.0,201409
180,event_count_36,0.0741754025220871,201409
181,event_count_40,0.022835329174995426,201409
182,event_count_42,0.019532488659024242,201409
183,event_count_43,0.025988273322582245,201409
184,event_count_46,0.052010104060173035,201409
185,event_count_50,0.0019301848951727152,201409
186,event_count_51,0.0253420602530241,201409
187,event_count_57,0.04673217236995697,201409
188,event_count_60,0.0,201409
189,event_count_70,0.0645681694149971,201409
190,event_count_71,0.0,201409
191,event_count_84,0.0349341556429863,201409
192,event_count_90,0.030970701947808262,201409
193,event_count_100,0.0,201409
194,event_count_110,0.06739110499620438,201409
195,event_count_111,0.02012667059898376,201409
196,event_count_112,0.013157304376363754,201409
197,event_count_120,0.023442698642611504,201409
198,event_count_173,0.0,201409
199,event_count_190,0.034523457288742065,201409
200,event_count_10,0.046108171343803406,201410
201,event_count_12,0.01565531082451344,201410
202,event_count_13,0.1255534291267395,201410
203,event_count_20,0.0294660609215498,201410
204,event_count_30,0.0,201410
205,event_count_36,0.0276681836694479,201410
206,event_count_40,0.060626354068517685,201410
207,event_count_42,0.03825178742408752,201410
208,event_count_43,0.06792063266038895,201410
209,event_count_46,0.04334667697548866,201410
210,event_count_50,0.0,201410
211,event_count_51,0.03657389059662819,201410
212,event_count_57,0.051157545298337936,201410
213,event_count_60,0.0012138052843511105,201410
214,event_count_70,0.0615621916949749,201410
215,event_count_71,0.0,201410
216,event_count_84,0.02529602311551571,201410
217,event_count_90,0.08526819199323654,201410
218,event_count_100,0.0,201410
219,event_count_110,0.057737018913030624,201410
220,event_count_111,0.03313130512833595,201410
221,event_count_112,0.09421876817941666,201410
222,event_count_120,0.023516630753874782,201410
223,event_count_173,0.0,201410
224,event_count_190,0.07572798430919647,201410
225,event_count_10,0.06949622929096222,201411
226,event_count_12,0.04831469804048538,201411
227,event_count_13,0.0674324631690979,201411
228,event_count_20,0.037540461868047714,201411
229,event_count_30,0.0,201411
230,event_count_36,0.04115679860115051,201411
231,event_count_40,0.058340992778539665,201411
232,event_count_42,0.02570147439837456,201411
233,event_count_43,0.06384298205375671,201411
234,event_count_46,0.03572840243577957,201411
235,event_count_50,0.042790737003088,201411
236,event_count_51,0.0217292457818985,201411
237,event_count_57,0.042730096727609634,201411
238,event_count_60,0.0,201411
239,event_count_70,0.11050581187009813,201411
240,event_count_71,0.0,201411
241,event_count_84,0.014595742337405682,201411
242,event_count_90,0.03204163536429405,201411
243,event_count_100,0.0,201411
244,event_count_110,0.06118885800242424,201411
245,event_count_111,0.025606118142604828,201411
246,event_count_112,0.1317581981420517,201411
247,event_count_120,0.034775573760271065,201411
248,event_count_173,0.0,201411
249,event_count_190,0.03472348302602768,201411
250,event_count_10,0.04068489745259285,201412
251,event_count_12,0.1275150030851364,201412
252,event_count_13,0.024785174056887627,201412
253,event_count_20,0.0152018740773201,201412
254,event_count_30,0.0,201412
255,event_count_36,0.06964269280433655,201412
256,event_count_40,0.04503815621137619,201412
257,event_count_42,0.01903531886637211,201412
258,event_count_43,0.02790161967277527,201412
259,event_count_46,0.04626119881868362,201412
260,event_count_50,0.048291057348251336,201412
261,event_count_51,0.01969354227185249,201412
262,event_count_57,0.025042327120900158,201412
263,event_count_60,0.0720895305275917,201412
264,event_count_70,0.10507616400718688,201412
265,event_count_71,0.0,201412
266,event_count_84,0.010736022144556046,201412
267,event_count_90,0.04415683075785637,201412
268,event_count_100,0.0,201412
269,event_count_110,0.1471671313047409,201412
270,event_count_111,0.027675213292241096,201412
271,event_count_112,0.03346024826169014,201412
272,event_count_120,0.013771610334515572,201412
273,event_count_173,0.0,201412
274,event_count_190,0.036774445325136185,201412
275,event_count_10,0.01581592857837677,201501
276,event_count_12,0.0998360738158226,201501
277,event_count_13,0.03514571487903595,201501
278,event_count_20,0.019030949100852013,201501
279,event_count_30,0.038724225014448166,201501
280,event_count_36,0.026663858443498608,201501
281,event_count_40,0.013529788702726364,201501
282,event_count_42,0.0228924322873354,201501
283,event_count_43,0.02758724056184292,201501
284,event_count_46,0.034971553832292564,201501
285,event_count_50,0.08922593295574187,201501
286,event_count_51,0.010066641494631769,201501
287,event_count_57,0.03078270517289638,201501
288,event_count_60,0.03016291186213493,201501
289,event_count_70,0.047416601330041885,201501
290,event_count_71,0.09297217428684236,201501
291,event_count_84,0.02423409000039101,201501
292,event_count_90,0.041580423712730415,201501
293,event_count_100,0.01938542164862156,201501
294,event_count_110,0.09161776304244997,201501
295,event_count_111,0.025561105459928516,201501
296,event_count_112,0.05643711984157562,201501
297,event_count_120,0.013931311666965485,201501
298,event_count_173,0.005698448978364468,201501
299,event_count_190,0.08672955632209778,201501
300,event_count_10,0.04222441837191582,201502
301,event_count_12,0.12530040740966794,201502
302,event_count_13,0.013242460787296295,201502
303,event_count_20,0.03528468683362007,201502
304,event_count_30,0.0,201502
305,event_count_36,0.033679798245429986,201502
306,event_count_40,0.03022671863436699,201502
307,event_count_42,0.02389747835695744,201502
308,event_count_43,0.049777738749980927,201502
309,event_count_46,0.03539569303393364,201502
310,event_count_50,0.04498062282800674,201502
311,event_count_51,0.01498378627002239,201502
312,event_count_57,0.04058822616934776,201502
313,event_count_60,0.02828991413116455,201502
314,event_count_70,0.09608152508735657,201502
315,event_count_71,0.10457918792963028,201502
316,event_count_84,0.015842266380786896,201502
317,event_count_90,0.03741919249296189,201502
318,event_count_100,0.02525596134364605,201502
319,event_count_110,0.07602521032094955,201502
320,event_count_111,0.03796396031975746,201502
321,event_count_112,0.023821057751774788,201502
322,event_count_120,0.01834818907082081,201502
323,event_count_173,0.0014320530463010073,201502
324,event_count_190,0.04535939171910286,201502
325,event_count_10,0.03277182951569557,201503
326,event_count_12,0.08000368624925612,201503
327,event_count_13,0.05488050729036331,201503
328,event_count_20,0.035243060439825065,201503
329,event_count_30,0.031346417963504784,201503
330,event_count_36,0.02316128835082054,201503
331,event_count_40,0.03067008219659328,201503
332,event_count_42,0.031629882752895355,201503
333,event_count_43,0.0519445464015007,201503
334,event_count_46,0.02736138366162777,201503
335,event_count_50,0.09132792800664903,201503
336,event_count_51,0.01497536990791559,201503
337,event_count_57,0.031911075115203864,201503
338,event_count_60,0.01822236180305481,201503
339,event_count_70,0.05519286170601845,201503
340,event_count_71,0.06053746864199639,201503
341,event_count_84,0.01421517413109541,201503
342,event_count_90,0.04956522583961487,201503
343,event_count_100,0.03163613006472588,201503
344,event_count_110,0.09128515422344208,201503
345,event_count_111,0.0253960695117712,201503
346,event_count_112,0.02583111822605133,201503
347,event_count_120,0.024387933313846588,201503
348,event_count_173,0.035427358001470566,201503
349,event_count_190,0.031075997278094288,201503
350,event_count_10,0.012488626874983309,201504
351,event_count_12,0.06559964269399643,201504
352,event_count_13,0.046781301498413086,201504
353,event_count_20,0.01599510945379734,201504
354,event_count_30,0.005256256088614464,201504
355,event_count_36,0.02918948419392109,201504
356,event_count_40,0.02249961346387863,201504
357,event_count_42,0.01626102440059185,201504
358,event_count_43,0.02213410474359989,201504
359,event_count_46,0.027432972565293312,201504
360,event_count_50,0.06051622331142425,201504
361,event_count_51,0.02698480896651745,201504
362,event_count_57,0.057116087526082986,201504
363,event_count_60,0.038131900131702416,201504
364,event_count_70,0.05215369537472725,201504
365,event_count_71,0.06290797144174576,201504
366,event_count_84,0.06291714310646057,201504
367,event_count_90,0.025577504187822345,201504
368,event_count_100,0.0067724441178143024,201504
369,event_count_110,0.059026792645454414,201504
370,event_count_111,0.020296087488532063,201504
371,event_count_112,0.044416137039661414,201504
372,event_count_120,0.05107226967811585,201504
373,event_count_173,0.14570051431655884,201504
374,event_count_190,0.0227722991257906,201504
375,event_count_10,0.01636149361729622,201505
376,event_count_12,0.10363467037677764,201505
377,event_count_13,0.05068351328372955,201505
378,event_count_20,0.04484400525689125,201505
379,event_count_30,0.011334446258842943,201505
380,event_count_36,0.03661695122718811,201505
381,event_count_40,0.0585172139108181,201505
382,event_count_42,0.014881555922329426,201505
383,event_count_43,0.03104605339467525,201505
384,event_count_46,0.027399228885769844,201505
385,event_count_50,0.059476274996995926,201505
386,event_count_51,0.026149382814764977,201505
387,event_count_57,0.018783463165163997,201505
388,event_count_60,0.04050432145595551,201505
389,event_count_70,0.08477525413036346,201505
390,event_count_71,0.04963842034339905,201505
391,event_count_84,0.050132129341363914,201505
392,event_count_90,0.04810494929552078,201505
393,event_count_100,0.023735981434583664,201505
394,event_count_110,0.044662214815616615,201505
395,event_count_111,0.02959374897181988,201505
396,event_count_112,0.027855927124619484,201505
397,event_count_120,0.02799915336072445,201505
398,event_count_173,0.027347151190042496,201505
399,event_count_190,0.04592246189713478,201505
400,event_count_10,0.019466355443000797,201506
401,event_count_12,0.0565379336476326,201506
402,event_count_13,0.026516301557421684,201506
403,event_count_20,0.018941767513751984,201506
404,event_count_30,0.04818613827228546,201506
405,event_count_36,0.019877592101693157,201506
406,event_count_40,0.020947424694895744,201506
407,event_count_42,0.01619064249098301,201506
408,event_count_43,0.015455880202353,201506
409,event_count_46,0.04165725037455559,201506
410,event_count_50,0.06780362129211426,201506
411,event_count_51,0.027693381533026692,201506
412,event_count_57,0.04263664782047272,201506
413,event_count_60,0.028755461797118187,201506
414,event_count_70,0.08173812180757523,201506
415,event_count_71,0.061625506728887565,201506
416,event_count_84,0.03503580763936043,201506
417,event_count_90,0.006892029661685228,201506
418,event_count_100,0.009916982613503931,201506
419,event_count_110,0.0745396837592125,201506
420,event_count_111,0.013607128523290156,201506
421,event_count_112,0.012938431464135649,201506
422,event_count_120,0.03883252292871475,201506
423,event_count_173,0.1934819519519806,201506
424,event_count_190,0.020725425332784653,201506
425,event_count_10,0.03160960227251053,201507
426,event_count_12,0.05295349657535553,201507
427,event_count_13,0.038354918360710144,201507
428,event_count_20,0.02490678988397121,201507
429,event_count_30,0.0,201507
430,event_count_36,0.051425453275442116,201507
431,event_count_40,0.02612943947315216,201507
432,event_count_42,0.018245168030261997,201507
433,event_count_43,0.08476418256759644,201507
434,event_count_46,0.0476718619465828,201507
435,event_count_50,0.07535535097122192,201507
436,event_count_51,0.02194372750818729,201507
437,event_count_57,0.02304958924651146,201507
438,event_count_60,0.051340311765670776,201507
439,event_count_70,0.07542198151350021,201507
440,event_count_71,0.14582404494285586,201507
441,event_count_84,0.052784334868192666,201507
442,event_count_90,0.044674325734376914,201507
443,event_count_100,0.0,201507
444,event_count_110,0.057392120361328125,201507
445,event_count_111,0.031691309064626694,201507
446,event_count_112,0.01018435601145029,201507
447,event_count_120,0.021048480644822117,201507
448,event_count_173,0.0,201507
449,event_count_190,0.01322926115244627,201507
450,event_count_10,0.017862359061837196,201508
451,event_count_12,0.07495799660682677,201508
452,event_count_13,0.02758631482720375,201508
453,event_count_20,0.025287039577960968,201508
454,event_count_30,0.020604951307177544,201508
455,event_count_36,0.021995732560753826,201508
456,event_count_40,0.014443765394389631,201508
457,event_count_42,0.018963757902383804,201508
458,event_count_43,0.03687536343932152,201508
459,event_count_46,0.038541197776794434,201508
460,event_count_50,0.06840996444225311,201508
461,event_count_51,0.036522116512060165,201508
462,event_count_57,0.039849650114774704,201508
463,event_count_60,0.012209855951368807,201508
464,event_count_70,0.10710576176643373,201508
465,event_count_71,0.07509279996156693,201508
466,event_count_84,0.05562426522374153,201508
467,event_count_90,0.01640293188393116,201508
468,event_count_100,0.004022234585136175,201508
469,event_count_110,0.035965140908956535,201508
470,event_count_111,0.009517249651253223,201508
471,event_count_112,0.021318232640624046,201508
472,event_count_120,0.03583860397338867,201508
473,event_count_173,0.16302955150604248,201508
474,event_count_190,0.02197318524122238,201508
475,event_count_10,0.017456851899623867,201509
476,event_count_12,0.045959815382957465,201509
477,event_count_13,0.046457305550575256,201509
478,event_count_20,0.03215321525931358,201509
479,event_count_30,0.014249441213905813,201509
480,event_count_36,0.01791047304868698,201509
481,event_count_40,0.01760256662964821,201509
482,event_count_42,0.01927710324525833,201509
483,event_count_43,0.025502823293209083,201509
484,event_count_46,0.037374384701251984,201509
485,event_count_50,0.06786581873893738,201509
486,event_count_51,0.0169981736689806,201509
487,event_count_57,0.024508288130164143,201509
488,event_count_60,0.01998567022383213,201509
489,event_count_70,0.10243550688028336,201509
490,event_count_71,0.0525161512196064,201509
491,event_count_84,0.05521104857325554,201509
492,event_count_90,0.01800981536507606,201509
493,event_count_100,0.009335151873528956,201509
494,event_count_110,0.05337483808398247,201509
495,event_count_111,0.03359602019190788,201509
496,event_count_112,0.016828088089823726,201509
497,event_count_120,0.027762947604060173,201509
498,event_count_173,0.2147095948457718,201509
499,event_count_190,0.01291891559958458,201509
500,event_count_10,0.018121620640158653,201510
501,event_count_12,0.056390386074781425,201510
502,event_count_13,0.02983544021844864,201510
503,event_count_20,0.02265942469239235,201510
504,event_count_30,0.014761100523173809,201510
505,event_count_36,0.019074955955147743,201510
506,event_count_40,0.017772950232028958,201510
507,event_count_42,0.014631488360464571,201510
508,event_count_43,0.023632870987057686,201510
509,event_count_46,0.018791966140270237,201510
510,event_count_50,0.051510438323020935,201510
511,event_count_51,0.020588638260960582,201510
512,event_count_57,0.0579153336584568,201510
513,event_count_60,0.02593114599585533,201510
514,event_count_70,0.09448649734258653,201510
515,event_count_71,0.06782760471105576,201510
516,event_count_84,0.04016733169555664,201510
517,event_count_90,0.021522654220461845,201510
518,event_count_100,0.011248337104916573,201510
519,event_count_110,0.10969925671815872,201510
520,event_count_111,0.015203652903437613,201510
521,event_count_112,0.031463760882616036,201510
522,event_count_120,0.056812569499015815,201510
523,event_count_173,0.13970103859901428,201510
524,event_count_190,0.020249512046575543,201510
525,event_count_10,0.040620364248752594,201511
526,event_count_12,0.04651760309934616,201511
527,event_count_13,0.030564785003662113,201511
528,event_count_20,0.030217228457331657,201511
529,event_count_30,0.0,201511
530,event_count_36,0.0386158786714077,201511
531,event_count_40,0.04939698055386543,201511
532,event_count_42,0.027087904512882236,201511
533,event_count_43,0.07151777297258377,201511
534,event_count_46,0.06397074460983276,201511
535,event_count_50,0.0680774673819542,201511
536,event_count_51,0.02430698461830616,201511
537,event_count_57,0.02723661996424198,201511
538,event_count_60,0.03503062576055527,201511
539,event_count_70,0.09330862015485764,201511
540,event_count_71,0.036831468343734734,201511
541,event_count_84,0.03972293436527252,201511
542,event_count_90,0.037571508437395096,201511
543,event_count_100,0.056167781352996826,201511
544,event_count_110,0.07729668170213701,201511
545,event_count_111,0.02429639920592308,201511
546,event_count_112,0.03124910406768322,201511
547,event_count_120,0.022633330896496773,201511
548,event_count_173,0.0,201511
549,event_count_190,0.02776117250323296,201511
550,event_count_10,0.04023192450404167,201512
551,event_count_12,0.03960728272795677,201512
552,event_count_13,0.03162512183189392,201512
553,event_count_20,0.029271708801388737,201512
554,event_count_30,0.0,201512
555,event_count_36,0.0342588983476162,201512
556,event_count_40,0.03557896986603737,201512
557,event_count_42,0.0146563109010458,201512
558,event_count_43,0.05954500660300255,201512
559,event_count_46,0.049008578062057495,201512
560,event_count_50,0.05693259090185165,201512
561,event_count_51,0.0283212773501873,201512
562,event_count_57,0.037411335855722434,201512
563,event_count_60,0.05546958744525909,201512
564,event_count_70,0.06719085574150085,201512
565,event_count_71,0.11080563068389893,201512
566,event_count_84,0.05339013785123825,201512
567,event_count_90,0.03758491203188896,201512
568,event_count_100,0.044217389076948166,201512
569,event_count_110,0.07304099947214128,201512
570,event_count_111,0.019673973321914676,201512
571,event_count_112,0.035313930362463,201512
572,event_count_120,0.01917150430381298,201512
573,event_count_173,0.0,201512
574,event_count_190,0.027692094445228577,201512
575,event_count_10,0.03022754564881325,201601
576,event_count_12,0.052411898970603936,201601
577,event_count_13,0.039623185992240906,201601
578,event_count_20,0.014977492392063141,201601
579,event_count_30,0.0,201601
580,event_count_36,0.05975799635052681,201601
581,event_count_40,0.029626166447997093,201601
582,event_count_42,0.014449280686676504,201601
583,event_count_43,0.04073930904269218,201601
584,event_count_46,0.045254696160554886,201601
585,event_count_50,0.08559776097536087,201601
586,event_count_51,0.0178232379257679,201601
587,event_count_57,0.02901898324489593,201601
588,event_count_60,0.04059690237045288,201601
589,event_count_70,0.07603650540113449,201601
590,event_count_71,0.07211226969957353,201601
591,event_count_84,0.044691968709230416,201601
592,event_count_90,0.0269902627915144,201601
593,event_count_100,0.03374559059739113,201601
594,event_count_110,0.07451018691062927,201601
595,event_count_111,0.018449418246746063,201601
596,event_count_112,0.0929470881819725,201601
597,event_count_120,0.018936607986688614,201601
598,event_count_173,0.0,201601
599,event_count_190,0.041475702077150345,201601
600,event_count_10,0.09224376082420348,201602
601,event_count_12,0.10543329268693924,201602
602,event_count_13,0.0,201602
603,event_count_20,0.0,201602
604,event_count_30,0.0,201602
605,event_count_36,0.0,201602
606,event_count_40,0.0,201602
607,event_count_42,0.0,201602
608,event_count_43,0.0,201602
609,event_count_46,0.0,201602
610,event_count_50,0.0,201602
611,event_count_51,0.017670903354883194,201602
612,event_count_57,0.0,201602
613,event_count_60,0.0,201602
614,event_count_70,0.20546725392341614,201602
615,event_count_71,0.0,201602
616,event_count_84,0.0,201602
617,event_count_90,0.0,201602
618,event_count_100,0.0,201602
619,event_count_110,0.5791847705841064,201602
620,event_count_111,0.0,201602
621,event_count_112,0.0,201602
622,event_count_120,0.0,201602
623,event_count_173,0.0,201602
624,event_count_190,0.0,201602
625,event_count_10,0.0,201603
626,event_count_12,0.1377432644367218,201603
627,event_count_13,0.0,201603
628,event_count_20,0.0,201603
629,event_count_30,0.0,201603
630,event_count_36,0.0,201603
631,event_count_40,0.0,201603
632,event_count_42,0.0,201603
633,event_count_43,0.0,201603
634,event_count_46,0.0,201603
635,event_count_50,0.16485843062400818,201603
636,event_count_51,0.02773065306246281,201603
637,event_count_57,0.0,201603
638,event_count_60,0.0,201603
639,event_count_70,0.1393631547689438,201603
640,event_count_71,0.0,201603
641,event_count_84,0.0,201603
642,event_count_90,0.0,201603
643,event_count_100,0.0,201603
644,event_count_110,0.530304491519928,201603
645,event_count_111,0.0,201603
646,event_count_112,0.0,201603
647,event_count_120,0.0,201603
648,event_count_173,0.0,201603
649,event_count_190,0.0,201603
650,event_count_10,0.0318465568125248,201604
651,event_count_12,0.0373331755399704,201604
652,event_count_13,0.01848531700670719,201604
653,event_count_20,0.033750467002391815,201604
654,event_count_30,0.0,201604
655,event_count_36,0.04948034882545471,201604
656,event_count_40,0.029908662661910057,201604
657,event_count_42,0.038895759731531136,201604
658,event_count_43,0.054512668401002884,201604
659,event_count_46,0.05261215567588806,201604
660,event_count_50,0.04736365750432015,201604
661,event_count_51,0.03710538893938065,201604
662,event_count_57,0.06414292007684708,201604
663,event_count_60,0.0312630869448185,201604
664,event_count_70,0.0537797249853611,201604
665,event_count_71,0.13279537856578827,201604
666,event_count_84,0.05934210121631622,201604
667,event_count_90,0.0,201604
668,event_count_100,0.02258529141545296,201604
669,event_count_110,0.06891291588544846,201604
670,event_count_111,0.028381811454892162,201604
671,event_count_112,0.033814221620559685,201604
672,event_count_120,0.028874846175313,201604
673,event_count_173,0.0,201604
674,event_count_190,0.04481351375579834,201604
675,event_count_10,0.021237825974822044,201605
676,event_count_12,0.036082394421100616,201605
677,event_count_13,0.028768159449100494,201605
678,event_count_20,0.021669059991836548,201605
679,event_count_30,0.0,201605
680,event_count_36,0.03177906200289726,201605
681,event_count_40,0.03673779964447022,201605
682,event_count_42,0.02477162703871727,201605
683,event_count_43,0.06188782304525376,201605
684,event_count_46,0.0565258301794529,201605
685,event_count_50,0.04001561552286148,201605
686,event_count_51,0.030416343361139294,201605
687,event_count_57,0.04630904644727707,201605
688,event_count_60,0.035181187093257904,201605
689,event_count_70,0.06300267577171326,201605
690,event_count_71,0.1349790245294571,201605
691,event_count_84,0.05183817073702812,201605
692,event_count_90,0.033454157412052155,201605
693,event_count_100,0.025885293260216716,201605
694,event_count_110,0.08467365056276321,201605
695,event_count_111,0.01996400766074657,201605
696,event_count_112,0.03501509130001068,201605
697,event_count_120,0.03819720074534416,201605
698,event_count_173,0.0,201605
699,event_count_190,0.04160897806286812,201605
700,event_count_10,0.030988480895757675,201606
701,event_count_12,0.0334944985806942,201606
702,event_count_13,0.048352837562561035,201606
703,event_count_20,0.02414190955460072,201606
704,event_count_30,0.0,201606
705,event_count_36,0.035235632210969925,201606
706,event_count_40,0.02722027152776718,201606
707,event_count_42,0.02217414602637291,201606
708,event_count_43,0.06966093927621841,201606
709,event_count_46,0.0404951348900795,201606
710,event_count_50,0.05194927379488945,201606
711,event_count_51,0.02269156277179718,201606
712,event_count_57,0.03779791668057442,201606
713,event_count_60,0.034063130617141724,201606
714,event_count_70,0.059522282332181924,201606
715,event_count_71,0.1254529505968094,201606
716,event_count_84,0.0498984158039093,201606
717,event_count_90,0.02338480390608311,201606
718,event_count_100,0.04587117955088616,201606
719,event_count_110,0.08155683428049088,201606
720,event_count_111,0.01766943745315075,201606
721,event_count_112,0.057935867458581924,201606
722,event_count_120,0.026598220691084862,201606
723,event_count_173,0.0,201606
724,event_count_190,0.0338442288339138,201606
725,event_count_10,0.03180249035358429,201607
726,event_count_12,0.042679455131292336,201607
727,event_count_13,0.04055679962038994,201607
728,event_count_20,0.023101836442947388,201607
729,event_count_30,0.0,201607
730,event_count_36,0.06945422291755676,201607
731,event_count_40,0.03086840361356735,201607
732,event_count_42,0.019546592608094212,201607
733,event_count_43,0.060747090727090836,201607
734,event_count_46,0.051950991153717034,201607
735,event_count_50,0.05029470846056938,201607
736,event_count_51,0.018018785864114758,201607
737,event_count_57,0.042759954929351814,201607
738,event_count_60,0.02320722863078117,201607
739,event_count_70,0.059873249381780624,201607
740,event_count_71,0.10221213102340697,201607
741,event_count_84,0.03475039824843407,201607
742,event_count_90,0.02249478735029697,201607
743,event_count_100,0.04009559005498886,201607
744,event_count_110,0.08998601138591766,201607
745,event_count_111,0.015800803899765015,201607
746,event_count_112,0.0689425840973854,201607
747,event_count_120,0.027117447927594185,201607
748,event_count_173,0.0,201607
749,event_count_190,0.03373842313885689,201607
750,event_count_10,0.0,201608
751,event_count_12,0.06664195656776427,201608
752,event_count_13,0.0,201608
753,event_count_20,0.0,201608
754,event_count_30,0.04240281879901886,201608
755,event_count_36,0.0,201608
756,event_count_40,0.0,201608
757,event_count_42,0.0,201608
758,event_count_43,0.0,201608
759,event_count_46,0.0,201608
760,event_count_50,0.0977671593427658,201608
761,event_count_51,0.022739075124263763,201608
762,event_count_57,0.040794119238853455,201608
763,event_count_60,0.0,201608
764,event_count_70,0.16293412446975708,201608
765,event_count_71,0.0,201608
766,event_count_84,0.0,201608
767,event_count_90,0.0,201608
768,event_count_100,0.0,201608
769,event_count_110,0.5667207837104797,201608
770,event_count_111,0.0,201608
771,event_count_112,0.0,201608
772,event_count_120,0.0,201608
773,event_count_173,0.0,201608
774,event_count_190,0.0,201608
775,event_count_10,0.0,201609
776,event_count_12,0.05362127721309662,201609
777,event_count_13,0.0,201609
778,event_count_20,0.0,201609
779,event_count_30,0.0,201609
780,event_count_36,0.0,201609
781,event_count_40,0.0,201609
782,event_count_42,0.0,201609
783,event_count_43,0.0,201609
784,event_count_46,0.0,201609
785,event_count_50,0.097790889441967,201609
786,event_count_51,0.007798432372510433,201609
787,event_count_57,0.0,201609
788,event_count_60,0.0,201609
789,event_count_70,0.34550198912620544,201609
790,event_count_71,0.0,201609
791,event_count_84,0.0,201609
792,event_count_90,0.0,201609
793,event_count_100,0.0,201609
794,event_count_110,0.4952874183654785,201609
795,event_count_111,0.0,201609
796,event_count_112,0.0,201609
797,event_count_120,0.0,201609
798,event_count_173,0.0,201609
799,event_count_190,0.0,201609
800,event_count_10,0.036143671721220016,201610
801,event_count_12,0.03224990516901016,201610
802,event_count_13,0.025464931502938267,201610
803,event_count_20,0.029573878273367882,201610
804,event_count_30,0.0,201610
805,event_count_36,0.08070164918899536,201610
806,event_count_40,0.04704029858112335,201610
807,event_count_42,0.043361712247133255,201610
808,event_count_43,0.09982668608427048,201610
809,event_count_46,0.009660501964390278,201610
810,event_count_50,0.04135432094335556,201610
811,event_count_51,0.045592717826366425,201610
812,event_count_57,0.048283103853464134,201610
813,event_count_60,0.03420298174023628,201610
814,event_count_70,0.05778009817004204,201610
815,event_count_71,0.08520758897066116,201610
816,event_count_84,0.034517575055360794,201610
817,event_count_90,0.02128821611404419,201610
818,event_count_100,0.0,201610
819,event_count_110,0.08401596546173096,201610
820,event_count_111,0.01949121430516243,201610
821,event_count_112,0.05836758390069007,201610
822,event_count_120,0.02396591193974018,201610
823,event_count_173,0.0,201610
824,event_count_190,0.04190941527485848,201610
825,event_count_10,0.0301845520734787,201611
826,event_count_12,0.040123350918293,201611
827,event_count_13,0.05558592453598976,201611
828,event_count_20,0.025069169700145718,201611
829,event_count_30,0.0,201611
830,event_count_36,0.05157934501767159,201611
831,event_count_40,0.02703044563531876,201611
832,event_count_42,0.036039706319570534,201611
833,event_count_43,0.05647490546107292,201611
834,event_count_46,0.0411764420568943,201611
835,event_count_50,0.05272620916366577,201611
836,event_count_51,0.03006183356046677,201611
837,event_count_57,0.04510865360498428,201611
838,event_count_60,0.026357550173997882,201611
839,event_count_70,0.06176803633570671,201611
840,event_count_71,0.1011742651462555,201611
841,event_count_84,0.04010933265089989,201611
842,event_count_90,0.015616461634635925,201611
843,event_count_100,0.0,201611
844,event_count_110,0.07782842963933945,201611
845,event_count_111,0.01308097504079342,201611
846,event_count_112,0.11340896040201187,201611
847,event_count_120,0.024431856349110603,201611
848,event_count_173,0.0,201611
849,event_count_190,0.03506358340382576,201611
850,event_count_10,0.0,201612
851,event_count_12,0.025386452674865726,201612
852,event_count_13,0.0,201612
853,event_count_20,0.0,201612
854,event_count_30,0.0,201612
855,event_count_36,0.0,201612
856,event_count_40,0.0,201612
857,event_count_42,0.0,201612
858,event_count_43,0.0,201612
859,event_count_46,0.0,201612
860,event_count_50,0.09224530309438704,201612
861,event_count_51,0.0,201612
862,event_count_57,0.0,201612
863,event_count_60,0.0,201612
864,event_count_70,0.2973214685916901,201612
865,event_count_71,0.0,201612
866,event_count_84,0.0,201612
867,event_count_90,0.0,201612
868,event_count_100,0.0,201612
869,event_count_110,0.5850467681884766,201612
870,event_count_111,0.0,201612
871,event_count_112,0.0,201612
872,event_count_120,0.0,201612
873,event_count_173,0.0,201612
874,event_count_190,0.0,201612
875,event_count_10,0.0,201701
876,event_count_12,0.057875897735357285,201701
877,event_count_13,0.0,201701
878,event_count_20,0.0,201701
879,event_count_30,0.0,201701
880,event_count_36,0.0,201701
881,event_count_40,0.0,201701
882,event_count_42,0.0,201701
883,event_count_43,0.0,201701
884,event_count_46,0.0,201701
885,event_count_50,0.10469185560941696,201701
886,event_count_51,0.0,201701
887,event_count_57,0.0,201701
888,event_count_60,0.0,201701
889,event_count_70,0.248715341091156,201701
890,event_count_71,0.0,201701
891,event_count_84,0.0,201701
892,event_count_90,0.0,201701
893,event_count_100,0.0,201701
894,event_count_110,0.5887169241905212,201701
895,event_count_111,0.0,201701
896,event_count_112,0.0,201701
897,event_count_120,0.0,201701
898,event_count_173,0.0,201701
899,event_count_190,0.0,201701
900,event_count_10,0.0,201702
901,event_count_12,0.055681440979242325,201702
902,event_count_13,0.0,201702
903,event_count_20,0.0,201702
904,event_count_30,0.0,201702
905,event_count_36,0.0,201702
906,event_count_40,0.0,201702
907,event_count_42,0.0,201702
908,event_count_43,0.0,201702
909,event_count_46,0.0,201702
910,event_count_50,0.1002063900232315,201702
911,event_count_51,0.0,201702
912,event_count_57,0.0,201702
913,event_count_60,0.0,201702
914,event_count_70,0.1817007511854172,201702
915,event_count_71,0.0,201702
916,event_count_84,0.0,201702
917,event_count_90,0.0,201702
918,event_count_100,0.0,201702
919,event_count_110,0.6624113917350769,201702
920,event_count_111,0.0,201702
921,event_count_112,0.0,201702
922,event_count_120,0.0,201702
923,event_count_173,0.0,201702
924,event_count_190,0.0,201702
925,event_count_10,0.0,201703
926,event_count_12,0.0360020250082016,201703
927,event_count_13,0.0,201703
928,event_count_20,0.0,201703
929,event_count_30,0.0,201703
930,event_count_36,0.0,201703
931,event_count_40,0.0,201703
932,event_count_42,0.0,201703
933,event_count_43,0.0,201703
934,event_count_46,0.0,201703
935,event_count_50,0.07780545949935913,201703
936,event_count_51,0.0,201703
937,event_count_57,0.0,201703
938,event_count_60,0.0,201703
939,event_count_70,0.30503180623054504,201703
940,event_count_71,0.0,201703
941,event_count_84,0.0,201703
942,event_count_90,0.0,201703
943,event_count_100,0.0,201703
944,event_count_110,0.5811607241630554,201703
945,event_count_111,0.0,201703
946,event_count_112,0.0,201703
947,event_count_120,0.0,201703
948,event_count_173,0.0,201703
949,event_count_190,0.0,201703
950,event_count_10,0.0,201704
951,event_count_12,0.008046713657677174,201704
952,event_count_13,0.0,201704
953,event_count_20,0.0,201704
954,event_count_30,0.0,201704
955,event_count_36,0.0,201704
956,event_count_40,0.0,201704
957,event_count_42,0.0,201704
958,event_count_43,0.0,201704
959,event_count_46,0.0,201704
960,event_count_50,0.0,201704
961,event_count_51,0.0,201704
962,event_count_57,0.0,201704
963,event_count_60,0.0,201704
964,event_count_70,0.32399410009384155,201704
965,event_count_71,0.0,201704
966,event_count_84,0.0,201704
967,event_count_90,0.0,201704
968,event_count_100,0.0,201704
969,event_count_110,0.6679592132568359,201704
970,event_count_111,0.0,201704
971,event_count_112,0.0,201704
972,event_count_120,0.0,201704
973,event_count_173,0.0,201704
974,event_count_190,0.0,201704
975,event_count_10,0.0,201705
976,event_count_12,0.004018424544483422,201705
977,event_count_13,0.0,201705
978,event_count_20,0.0,201705
979,event_count_30,0.0,201705
980,event_count_36,0.0,201705
981,event_count_40,0.0,201705
982,event_count_42,0.0,201705
983,event_count_43,0.0,201705
984,event_count_46,0.0,201705
985,event_count_50,0.060829930007457726,201705
986,event_count_51,0.0,201705
987,event_count_57,0.0,201705
988,event_count_60,0.0,201705
989,event_count_70,0.2494293600320816,201705
990,event_count_71,0.0,201705
991,event_count_84,0.0,201705
992,event_count_90,0.0,201705
993,event_count_100,0.0,201705
994,event_count_110,0.685722291469574,201705
995,event_count_111,0.0,201705
996,event_count_112,0.0,201705
997,event_count_120,0.0,201705
998,event_count_173,0.0,201705
999,event_count_190,0.0,201705
1000,event_count_10,0.0,201706
1001,event_count_12,0.0023511373437941074,201706
1002,event_count_13,0.0,201706
1003,event_count_20,0.0,201706
1004,event_count_30,0.0,201706
1005,event_count_36,0.0,201706
1006,event_count_40,0.0,201706
1007,event_count_42,0.0,201706
1008,event_count_43,0.0,201706
1009,event_count_46,0.0,201706
1010,event_count_50,0.055656757205724716,201706
1011,event_count_51,0.0,201706
1012,event_count_57,0.0,201706
1013,event_count_60,0.0,201706
1014,event_count_70,0.16489574313163755,201706
1015,event_count_71,0.0,201706
1016,event_count_84,0.0,201706
1017,event_count_90,0.0,201706
1018,event_count_100,0.0,201706
1019,event_count_110,0.7770963907241821,201706
1020,event_count_111,0.0,201706
1021,event_count_112,0.0,201706
1022,event_count_120,0.0,201706
1023,event_count_173,0.0,201706
1024,event_count_190,0.0,201706
1025,event_count_10,0.0,201707
1026,event_count_12,0.0,201707
1027,event_count_13,0.0,201707
1028,event_count_20,0.0,201707
1029,event_count_30,0.0,201707
1030,event_count_36,0.0,201707
1031,event_count_40,0.0,201707
1032,event_count_42,0.0,201707
1033,event_count_43,0.02311590313911438,201707
1034,event_count_46,0.0,201707
1035,event_count_50,0.07068463414907455,201707
1036,event_count_51,0.0,201707
1037,event_count_57,0.0,201707
1038,event_count_60,0.0,201707
1039,event_count_70,0.14904582500457764,201707
1040,event_count_71,0.0,201707
1041,event_count_84,0.0,201707
1042,event_count_90,0.0,201707
1043,event_count_100,0.0,201707
1044,event_count_110,0.7571536302566528,201707
1045,event_count_111,0.0,201707
1046,event_count_112,0.0,201707
1047,event_count_120,0.0,201707
1048,event_count_173,0.0,201707
1049,event_count_190,0.0,201707
1050,event_count_10,0.01645480841398239,201708
1051,event_count_12,0.03440781310200691,201708
1052,event_count_13,0.04476974904537201,201708
1053,event_count_20,0.02551204524934292,201708
1054,event_count_30,0.02216397970914841,201708
1055,event_count_36,0.033036477863788605,201708
1056,event_count_40,0.015616400167346,201708
1057,event_count_42,0.060051590204238885,201708
1058,event_count_43,0.03274701163172722,201708
1059,event_count_46,0.028948761522769925,201708
1060,event_count_50,0.023858947679400444,201708
1061,event_count_51,0.04952370002865791,201708
1062,event_count_57,0.04169561341404915,201708
1063,event_count_60,0.028396636247634888,201708
1064,event_count_70,0.060505624860525124,201708
1065,event_count_71,0.05337812751531601,201708
1066,event_count_84,0.0332147479057312,201708
1067,event_count_90,0.008754921145737171,201708
1068,event_count_100,0.054053477942943566,201708
1069,event_count_110,0.0902537852525711,201708
1070,event_count_111,0.024111727252602574,201708
1071,event_count_112,0.09812133014202118,201708
1072,event_count_120,0.032510098069906235,201708
1073,event_count_173,0.05524397641420365,201708
1074,event_count_190,0.032668683677911765,201708
1075,event_count_10,0.023748215287923813,201709
1076,event_count_12,0.04507770016789436,201709
1077,event_count_13,0.07448882609605789,201709
1078,event_count_20,0.015775097534060478,201709
1079,event_count_30,0.0,201709
1080,event_count_36,0.061108503490686424,201709
1081,event_count_40,0.039899785071611404,201709
1082,event_count_42,0.0208975188434124,201709
1083,event_count_43,0.08661389350891112,201709
1084,event_count_46,0.051829934120178216,201709
1085,event_count_50,0.053399983793497086,201709
1086,event_count_51,0.023831171914935112,201709
1087,event_count_57,0.022971002385020256,201709
1088,event_count_60,0.04258361086249352,201709
1089,event_count_70,0.07173497974872589,201709
1090,event_count_71,0.06770170480012894,201709
1091,event_count_84,0.032456424087285995,201709
1092,event_count_90,0.031566791236400604,201709
1093,event_count_100,0.0,201709
1094,event_count_110,0.06475953012704849,201709
1095,event_count_111,0.021223148331046104,201709
1096,event_count_112,0.05317214503884316,201709
1097,event_count_120,0.026822097599506375,201709
1098,event_count_173,0.0,201709
1099,event_count_190,0.06833795458078384,201709
1100,event_count_10,0.02562526613473892,201710
1101,event_count_12,0.03642383217811585,201710
1102,event_count_13,0.06606448441743851,201710
1103,event_count_20,0.02241179719567299,201710
1104,event_count_30,0.02349881641566753,201710
1105,event_count_36,0.038086764514446265,201710
1106,event_count_40,0.029144631698727608,201710
1107,event_count_42,0.05090150982141495,201710
1108,event_count_43,0.03407289832830429,201710
1109,event_count_46,0.026074130088090897,201710
1110,event_count_50,0.032445613294839866,201710
1111,event_count_51,0.04620623216032982,201710
1112,event_count_57,0.05091480165719986,201710
1113,event_count_60,0.03038199059665203,201710
1114,event_count_70,0.057824559509754174,201710
1115,event_count_71,0.08027753233909607,201710
1116,event_count_84,0.026737041771411896,201710
1117,event_count_90,0.006672109942883253,201710
1118,event_count_100,0.05597816780209541,201710
1119,event_count_110,0.09543361514806747,201710
1120,event_count_111,0.02395846322178841,201710
1121,event_count_112,0.0710851401090622,201710
1122,event_count_120,0.021423323079943657,201710
1123,event_count_173,0.024014916270971298,201710
1124,event_count_190,0.02434232085943222,201710
1125,event_count_10,0.03501434251666069,201711
1126,event_count_12,0.040722493082284934,201711
1127,event_count_13,0.0463586151599884,201711
1128,event_count_20,0.020904377102851868,201711
1129,event_count_30,0.0,201711
1130,event_count_36,0.060907013714313514,201711
1131,event_count_40,0.04499982297420502,201711
1132,event_count_42,0.0286385677754879,201711
1133,event_count_43,0.09209834039211273,201711
1134,event_count_46,0.043419070541858666,201711
1135,event_count_50,0.028580525889992717,201711
1136,event_count_51,0.04087856039404869,201711
1137,event_count_57,0.02527759037911892,201711
1138,event_count_60,0.038479384034872055,201711
1139,event_count_70,0.07003797590732573,201711
1140,event_count_71,0.06851445883512497,201711
1141,event_count_84,0.035791393369436264,201711
1142,event_count_90,0.030936686322093013,201711
1143,event_count_100,0.0,201711
1144,event_count_110,0.08061734586954117,201711
1145,event_count_111,0.029672320932149887,201711
1146,event_count_112,0.04733393341302872,201711
1147,event_count_120,0.02446833625435829,201711
1148,event_count_173,0.0,201711
1149,event_count_190,0.06634892523288727,201711
1150,event_count_10,0.03264310583472252,201712
1151,event_count_12,0.0559898279607296,201712
1152,event_count_13,0.054523181170225136,201712
1153,event_count_20,0.020334444940090183,201712
1154,event_count_30,0.0,201712
1155,event_count_36,0.05188096687197685,201712
1156,event_count_40,0.03696656599640846,201712
1157,event_count_42,0.028208194300532338,201712
1158,event_count_43,0.08941960334777832,201712
1159,event_count_46,0.04188192263245583,201712
1160,event_count_50,0.04897776618599892,201712
1161,event_count_51,0.03684209287166596,201712
1162,event_count_57,0.024600617587566376,201712
1163,event_count_60,0.03143919631838798,201712
1164,event_count_70,0.0662723034620285,201712
1165,event_count_71,0.09733694046735764,201712
1166,event_count_84,0.03874251991510391,201712
1167,event_count_90,0.022526299580931664,201712
1168,event_count_100,0.0,201712
1169,event_count_110,0.06450699269771576,201712
1170,event_count_111,0.02289654314517975,201712
1171,event_count_112,0.05955998599529265,201712
1172,event_count_120,0.018203141167759892,201712
1173,event_count_173,0.0,201712
1174,event_count_190,0.05624781921505928,201712
1175,event_count_10,0.025796828791499138,201801
1176,event_count_12,0.05332443490624428,201801
1177,event_count_13,0.08242198824882507,201801
1178,event_count_20,0.013897248543798923,201801
1179,event_count_30,0.0,201801
1180,event_count_36,0.06247227266430855,201801
1181,event_count_40,0.03564561903476715,201801
1182,event_count_42,0.021929793059825897,201801
1183,event_count_43,0.06242400407791138,201801
1184,event_count_46,0.034893948584795,201801
1185,event_count_50,0.04553055390715599,201801
1186,event_count_51,0.02306491509079933,201801
1187,event_count_57,0.02423638477921486,201801
1188,event_count_60,0.04955276101827622,201801
1189,event_count_70,0.07419402152299881,201801
1190,event_count_71,0.1101062223315239,201801
1191,event_count_84,0.03295175358653068,201801
1192,event_count_90,0.031749844551086426,201801
1193,event_count_100,0.0,201801
1194,event_count_110,0.0643966868519783,201801
1195,event_count_111,0.016046766191720963,201801
1196,event_count_112,0.06282790750265121,201801
1197,event_count_120,0.02460767515003681,201801
1198,event_count_173,0.0,201801
1199,event_count_190,0.04792841523885727,201801
1200,event_count_10,0.02078133262693882,201802
1201,event_count_12,0.03862889856100082,201802
1202,event_count_13,0.05423533543944359,201802
1203,event_count_20,0.028596367686986927,201802
1204,event_count_30,0.0,201802
1205,event_count_36,0.05865513533353805,201802
1206,event_count_40,0.03062072210013866,201802
1207,event_count_42,0.0236199963837862,201802
1208,event_count_43,0.07198524475097656,201802
1209,event_count_46,0.0659422054886818,201802
1210,event_count_50,0.04982708394527435,201802
1211,event_count_51,0.026623643934726715,201802
1212,event_count_57,0.028637649491429332,201802
1213,event_count_60,0.054979108273983,201802
1214,event_count_70,0.06560137867927551,201802
1215,event_count_71,0.11424630880355835,201802
1216,event_count_84,0.04083641991019249,201802
1217,event_count_90,0.024920091032981876,201802
1218,event_count_100,0.0,201802
1219,event_count_110,0.050731420516967766,201802
1220,event_count_111,0.01554672606289387,201802
1221,event_count_112,0.0711805522441864,201802
1222,event_count_120,0.01763067953288555,201802
1223,event_count_173,0.0,201802
1224,event_count_190,0.046173788607120514,201802
1225,event_count_10,0.032835356891155236,201803
1226,event_count_12,0.045525509864091866,201803
1227,event_count_13,0.04256538301706314,201803
1228,event_count_20,0.03380661457777023,201803
1229,event_count_30,0.0,201803
1230,event_count_36,0.08278053998947144,201803
1231,event_count_40,0.05342971533536911,201803
1232,event_count_42,0.0383855327963829,201803
1233,event_count_43,0.07890059053897858,201803
1234,event_count_46,0.04949542507529259,201803
1235,event_count_50,0.05127902701497078,201803
1236,event_count_51,0.05015135928988457,201803
1237,event_count_57,0.030286867171525955,201803
1238,event_count_60,0.07051196694374083,201803
1239,event_count_70,0.046423468738794334,201803
1240,event_count_71,0.05411473661661148,201803
1241,event_count_84,0.03231149911880493,201803
1242,event_count_90,0.008198899216949941,201803
1243,event_count_100,0.0,201803
1244,event_count_110,0.06310037523508072,201803
1245,event_count_111,0.025115994736552242,201803
1246,event_count_112,0.05956406518816947,201803
1247,event_count_120,0.01500681322067976,201803
1248,event_count_173,0.0,201803
1249,event_count_190,0.03621030226349831,201803
1250,event_count_10,0.006792341358959675,201804
1251,event_count_12,0.050008445978164666,201804
1252,event_count_13,0.03426818177103996,201804
1253,event_count_20,0.03420072793960571,201804
1254,event_count_30,0.02734952233731747,201804
1255,event_count_36,0.03871405124664306,201804
1256,event_count_40,0.021256951615214348,201804
1257,event_count_42,0.036439791321754456,201804
1258,event_count_43,0.01948205754160881,201804
1259,event_count_46,0.028496265411376957,201804
1260,event_count_50,0.03367062285542488,201804
1261,event_count_51,0.08315428346395493,201804
1262,event_count_57,0.04342367872595787,201804
1263,event_count_60,0.03526099398732185,201804
1264,event_count_70,0.0960795432329178,201804
1265,event_count_71,0.0391271710395813,201804
1266,event_count_84,0.0405338741838932,201804
1267,event_count_90,0.01936515606939793,201804
1268,event_count_100,0.045421920716762536,201804
1269,event_count_110,0.09120462834835052,201804
1270,event_count_111,0.015685034915804863,201804
1271,event_count_112,0.08048485964536667,201804
1272,event_count_120,0.03489125519990921,201804
1273,event_count_173,0.01971134915947914,201804
1274,event_count_190,0.02497726120054722,201804
1275,event_count_10,0.010370534844696522,201805
1276,event_count_12,0.07573633641004562,201805
1277,event_count_13,0.01984270662069321,201805
1278,event_count_20,0.03558659553527832,201805
1279,event_count_30,0.03573685139417648,201805
1280,event_count_36,0.042504437267780304,201805
1281,event_count_40,0.0208060909062624,201805
1282,event_count_42,0.04225270077586174,201805
1283,event_count_43,0.03876304626464844,201805
1284,event_count_46,0.026854950934648517,201805
1285,event_count_50,0.03641485422849655,201805
1286,event_count_51,0.07444059103727341,201805
1287,event_count_57,0.05024800822138786,201805
1288,event_count_60,0.0347694531083107,201805
1289,event_count_70,0.08244088292121887,201805
1290,event_count_71,0.046835556626319885,201805
1291,event_count_84,0.031027216464281082,201805
1292,event_count_90,0.01853058487176895,201805
1293,event_count_100,0.04047563672065735,201805
1294,event_count_110,0.05363453552126885,201805
1295,event_count_111,0.025575950741767883,201805
1296,event_count_112,0.060381971299648285,201805
1297,event_count_120,0.046578645706176765,201805
1298,event_count_173,0.02756005898118019,201805
1299,event_count_190,0.022631868720054626,201805
1300,event_count_10,0.009589719586074352,201806
1301,event_count_12,0.10550448298454283,201806
1302,event_count_13,0.020629193633794785,201806
1303,event_count_20,0.029747920110821724,201806
1304,event_count_30,0.04825875163078308,201806
1305,event_count_36,0.03703523799777031,201806
1306,event_count_40,0.022532962262630463,201806
1307,event_count_42,0.02751474641263485,201806
1308,event_count_43,0.04527560994029045,201806
1309,event_count_46,0.025619436055421833,201806
1310,event_count_50,0.049074459820985794,201806
1311,event_count_51,0.0675373375415802,201806
1312,event_count_57,0.021321142092347145,201806
1313,event_count_60,0.02860576845705509,201806
1314,event_count_70,0.07325264811515808,201806
1315,event_count_71,0.05323154479265213,201806
1316,event_count_84,0.03447413817048073,201806
1317,event_count_90,0.016748543828725815,201806
1318,event_count_100,0.04569156840443611,201806
1319,event_count_110,0.08629489690065384,201806
1320,event_count_111,0.020659726113080982,201806
1321,event_count_112,0.06069374457001686,201806
1322,event_count_120,0.03903525695204735,201806
1323,event_count_173,0.013677380047738552,201806
1324,event_count_190,0.01799376681447029,201806
1325,event_count_10,0.024402745068073276,201807
1326,event_count_12,0.03890122100710869,201807
1327,event_count_13,0.053366024047136314,201807
1328,event_count_20,0.02521110698580742,201807
1329,event_count_30,0.0,201807
1330,event_count_36,0.04861542582511902,201807
1331,event_count_40,0.02173198945820332,201807
1332,event_count_42,0.019016213715076447,201807
1333,event_count_43,0.03731824457645416,201807
1334,event_count_46,0.02692563459277153,201807
1335,event_count_50,0.04169004783034325,201807
1336,event_count_51,0.01955236680805683,201807
1337,event_count_57,0.026910392567515373,201807
1338,event_count_60,0.036531180143356316,201807
1339,event_count_70,0.07029368728399278,201807
1340,event_count_71,0.1691218465566635,201807
1341,event_count_84,0.03187038004398346,201807
1342,event_count_90,0.02481452748179436,201807
1343,event_count_100,0.11964134871959685,201807
1344,event_count_110,0.039128225296735764,201807
1345,event_count_111,0.018483901396393776,201807
1346,event_count_112,0.0576506033539772,201807
1347,event_count_120,0.016698485240340233,201807
1348,event_count_173,0.0,201807
1349,event_count_190,0.032124269753694534,201807
1350,event_count_10,0.039270780980587006,201808
1351,event_count_12,0.04319842904806137,201808
1352,event_count_13,0.06046683341264725,201808
1353,event_count_20,0.05386192724108696,201808
1354,event_count_30,0.0,201808
1355,event_count_36,0.06817130744457245,201808
1356,event_count_40,0.04449067264795303,201808
1357,event_count_42,0.040212731808424,201808
1358,event_count_43,0.04560448974370957,201808
1359,event_count_46,0.0414200983941555,201808
1360,event_count_50,0.032735485583543784,201808
1361,event_count_51,0.05949213728308678,201808
1362,event_count_57,0.041312556713819504,201808
1363,event_count_60,0.04713093489408493,201808
1364,event_count_70,0.052117746323347085,201808
1365,event_count_71,0.05972298234701156,201808
1366,event_count_84,0.02524175122380257,201808
1367,event_count_90,0.0032438270282000303,201808
1368,event_count_100,0.05497071146965027,201808
1369,event_count_110,0.0534481555223465,201808
1370,event_count_111,0.031050885096192363,201808
1371,event_count_112,0.044075433164834976,201808
1372,event_count_120,0.021318484097719196,201808
1373,event_count_173,0.0,201808
1374,event_count_190,0.037441611289978034,201808
1375,event_count_10,0.029060056433081623,201809
1376,event_count_12,0.052122246474027634,201809
1377,event_count_13,0.049089573323726654,201809
1378,event_count_20,0.029601294547319405,201809
1379,event_count_30,0.0,201809
1380,event_count_36,0.046815358102321625,201809
1381,event_count_40,0.02798813208937645,201809
1382,event_count_42,0.01955820806324482,201809
1383,event_count_43,0.04358238354325295,201809
1384,event_count_46,0.027897793799638748,201809
1385,event_count_50,0.08493988960981369,201809
1386,event_count_51,0.019349873065948486,201809
1387,event_count_57,0.03380708396434784,201809
1388,event_count_60,0.04160958901047706,201809
1389,event_count_70,0.07225855439901352,201809
1390,event_count_71,0.05175426974892616,201809
1391,event_count_84,0.046505190432071686,201809
1392,event_count_90,0.027061890810728077,201809
1393,event_count_100,0.11773843318223952,201809
1394,event_count_110,0.04585030674934387,201809
1395,event_count_111,0.015415972098708153,201809
1396,event_count_112,0.07121649384498596,201809
1397,event_count_120,0.016915397718548775,201809
1398,event_count_173,0.0,201809
1399,event_count_190,0.029861958697438237,201809
1400,event_count_10,0.011937839910387993,201810
1401,event_count_12,0.10646290332078934,201810
1402,event_count_13,0.038170520216226585,201810
1403,event_count_20,0.028213389217853543,201810
1404,event_count_30,0.058254864066839225,201810
1405,event_count_36,0.026381609961390492,201810
1406,event_count_40,0.01685573160648346,201810
1407,event_count_42,0.027297331020236012,201810
1408,event_count_43,0.029844285920262337,201810
1409,event_count_46,0.03119930624961853,201810
1410,event_count_50,0.034314703196287155,201810
1411,event_count_51,0.07278487831354141,201810
1412,event_count_57,0.04542991891503334,201810
1413,event_count_60,0.026418697088956836,201810
1414,event_count_70,0.05934440717101098,201810
1415,event_count_71,0.04457438737154007,201810
1416,event_count_84,0.03486516699194908,201810
1417,event_count_90,0.01564653217792511,201810
1418,event_count_100,0.025411263108253482,201810
1419,event_count_110,0.07568982243537903,201810
1420,event_count_111,0.025882715359330174,201810
1421,event_count_112,0.07382955402135849,201810
1422,event_count_120,0.029372001066803925,201810
1423,event_count_173,0.023693332448601726,201810
1424,event_count_190,0.03812475875020027,201810
1425,event_count_10,0.015988659113645554,201811
1426,event_count_12,0.0561748780310154,201811
1427,event_count_13,0.05091475695371628,201811
1428,event_count_20,0.040459971874952316,201811
1429,event_count_30,0.0569334402680397,201811
1430,event_count_36,0.0335366316139698,201811
1431,event_count_40,0.017005044966936108,201811
1432,event_count_42,0.049550149589776986,201811
1433,event_count_43,0.02648506872355938,201811
1434,event_count_46,0.027076881378889084,201811
1435,event_count_50,0.046157333999872215,201811
1436,event_count_51,0.09183752536773683,201811
1437,event_count_57,0.056755047291517265,201811
1438,event_count_60,0.027776896953582764,201811
1439,event_count_70,0.05811960622668266,201811
1440,event_count_71,0.03225795179605484,201811
1441,event_count_84,0.043476182967424386,201811
1442,event_count_90,0.024004792794585228,201811
1443,event_count_100,0.03918712213635445,201811
1444,event_count_110,0.04329756274819374,201811
1445,event_count_111,0.029157992452383038,201811
1446,event_count_112,0.05712022632360458,201811
1447,event_count_120,0.0371742993593216,201811
1448,event_count_173,0.002123783342540264,201811
1449,event_count_190,0.03742812946438789,201811
1450,event_count_10,0.014400799758732319,201812
1451,event_count_12,0.09487254917621613,201812
1452,event_count_13,0.023189334198832512,201812
1453,event_count_20,0.033746931701898575,201812
1454,event_count_30,0.038892164826393134,201812
1455,event_count_36,0.0319148451089859,201812
1456,event_count_40,0.0234295055270195,201812
1457,event_count_42,0.04666149988770485,201812
1458,event_count_43,0.02930385060608387,201812
1459,event_count_46,0.02815322019159794,201812
1460,event_count_50,0.05360942333936691,201812
1461,event_count_51,0.0801686942577362,201812
1462,event_count_57,0.04261794686317444,201812
1463,event_count_60,0.029670758172869682,201812
1464,event_count_70,0.07202798873186111,201812
1465,event_count_71,0.042050905525684364,201812
1466,event_count_84,0.04693448916077614,201812
1467,event_count_90,0.01091224141418934,201812
1468,event_count_100,0.02244989387691021,201812
1469,event_count_110,0.06538574397563934,201812
1470,event_count_111,0.018722422420978543,201812
1471,event_count_112,0.06875575333833693,201812
1472,event_count_120,0.03796214237809181,201812
1473,event_count_173,0.015633808448910713,201812
1474,event_count_190,0.02853309363126755,201812
1475,event_count_10,0.013980288989841938,201901
1476,event_count_12,0.06467771530151367,201901
1477,event_count_13,0.02902771532535553,201901
1478,event_count_20,0.022423768416047096,201901
1479,event_count_30,0.0257467720657587,201901
1480,event_count_36,0.03533076122403145,201901
1481,event_count_40,0.015163863077759744,201901
1482,event_count_42,0.048645175993442535,201901
1483,event_count_43,0.017509972676634792,201901
1484,event_count_46,0.028931654989719387,201901
1485,event_count_50,0.05180125311017037,201901
1486,event_count_51,0.08810632675886154,201901
1487,event_count_57,0.04304774105548858,201901
1488,event_count_60,0.03377017006278038,201901
1489,event_count_70,0.07727991789579391,201901
1490,event_count_71,0.0455172099173069,201901
1491,event_count_84,0.04284361004829407,201901
1492,event_count_90,0.015160986222326756,201901
1493,event_count_100,0.0208530742675066,201901
1494,event_count_110,0.0588480681180954,201901
1495,event_count_111,0.014349574223160744,201901
1496,event_count_112,0.1090310662984848,201901
1497,event_count_120,0.041542425751686096,201901
1498,event_count_173,0.027149494737386703,201901
1499,event_count_190,0.029261451214551926,201901
1500,event_count_10,0.028450064361095432,201902
1501,event_count_12,0.055690549314022064,201902
1502,event_count_13,0.07301695644855499,201902
1503,event_count_20,0.03853824362158775,201902
1504,event_count_30,0.0,201902
1505,event_count_36,0.04620877653360367,201902
1506,event_count_40,0.02680152468383312,201902
1507,event_count_42,0.0370972640812397,201902
1508,event_count_43,0.06200915202498436,201902
1509,event_count_46,0.058598753064870834,201902
1510,event_count_50,0.041286401450634,201902
1511,event_count_51,0.06167445704340935,201902
1512,event_count_57,0.029068414121866226,201902
1513,event_count_60,0.040525078773498535,201902
1514,event_count_70,0.07447878271341324,201902
1515,event_count_71,0.0,201902
1516,event_count_84,0.04928037524223328,201902
1517,event_count_90,0.02908839285373688,201902
1518,event_count_100,0.03269768878817558,201902
1519,event_count_110,0.04544220119714737,201902
1520,event_count_111,0.023903002962470055,201902
1521,event_count_112,0.07075531035661697,201902
1522,event_count_120,0.021296093240380287,201902
1523,event_count_173,0.0,201902
1524,event_count_190,0.054092548787593835,201902
1525,event_count_10,0.025551903992891308,201903
1526,event_count_12,0.046043187379837036,201903
1527,event_count_13,0.05328059196472168,201903
1528,event_count_20,0.04174325615167618,201903
1529,event_count_30,0.0,201903
1530,event_count_36,0.04714768379926682,201903
1531,event_count_40,0.06768394261598587,201903
1532,event_count_42,0.051833447068929665,201903
1533,event_count_43,0.051324445754289634,201903
1534,event_count_46,0.03660527616739273,201903
1535,event_count_50,0.03102777898311615,201903
1536,event_count_51,0.0989699587225914,201903
1537,event_count_57,0.03469814732670784,201903
1538,event_count_60,0.036732543259859085,201903
1539,event_count_70,0.07792676240205765,201903
1540,event_count_71,0.0,201903
1541,event_count_84,0.052438803017139435,201903
1542,event_count_90,0.037906378507614136,201903
1543,event_count_100,0.019070079550147057,201903
1544,event_count_110,0.03934109583497048,201903
1545,event_count_111,0.031722594052553184,201903
1546,event_count_112,0.05346628278493881,201903
1547,event_count_120,0.021148137748241425,201903
1548,event_count_173,0.0,201903
1549,event_count_190,0.044337820261716836,201903
1550,event_count_10,0.012893971987068651,201904
1551,event_count_12,0.08314090967178345,201904
1552,event_count_13,0.061494380235672004,201904
1553,event_count_20,0.02124889381229877,201904
1554,event_count_30,0.02268248051404953,201904
1555,event_count_36,0.027326256036758426,201904
1556,event_count_40,0.0212146807461977,201904
1557,event_count_42,0.02773798443377018,201904
1558,event_count_43,0.023010402917861942,201904
1559,event_count_46,0.0614042840898037,201904
1560,event_count_50,0.04084114730358124,201904
1561,event_count_51,0.06606006622314453,201904
1562,event_count_57,0.03413663432002068,201904
1563,event_count_60,0.026223652064800262,201904
1564,event_count_70,0.07726608961820602,201904
1565,event_count_71,0.046209193766117096,201904
1566,event_count_84,0.05283886194229126,201904
1567,event_count_90,0.02094157598912716,201904
1568,event_count_100,0.011637583374977112,201904
1569,event_count_110,0.045493043959140785,201904
1570,event_count_111,0.023102378472685814,201904
1571,event_count_112,0.09452085942029953,201904
1572,event_count_120,0.04196678474545479,201904
1573,event_count_173,0.029913110658526417,201904
1574,event_count_190,0.02669481560587883,201904
1575,event_count_10,0.015611504204571247,201905
1576,event_count_12,0.05346263200044632,201905
1577,event_count_13,0.044270206242799766,201905
1578,event_count_20,0.03367989510297775,201905
1579,event_count_30,0.03685740754008293,201905
1580,event_count_36,0.029581811279058456,201905
1581,event_count_40,0.04583147168159485,201905
1582,event_count_42,0.03380749374628067,201905
1583,event_count_43,0.02304881066083908,201905
1584,event_count_46,0.01347047183662653,201905
1585,event_count_50,0.04956083372235298,201905
1586,event_count_51,0.08070772886276245,201905
1587,event_count_57,0.02355759218335152,201905
1588,event_count_60,0.03111819364130497,201905
1589,event_count_70,0.0621735081076622,201905
1590,event_count_71,0.04502732306718826,201905
1591,event_count_84,0.056931227445602424,201905
1592,event_count_90,0.04837756603956223,201905
1593,event_count_100,0.043322987854480736,201905
1594,event_count_110,0.0366026982665062,201905
1595,event_count_111,0.01648019813001156,201905
1596,event_count_112,0.07436101883649826,201905
1597,event_count_120,0.02277244813740253,201905
1598,event_count_173,0.03697191923856735,201905
1599,event_count_190,0.04241307824850082,201905
1600,event_count_10,0.02852300181984901,201906
1601,event_count_12,0.04652662202715874,201906
1602,event_count_13,0.05392831191420555,201906
1603,event_count_20,0.025958660989999768,201906
1604,event_count_30,0.016283249482512474,201906
1605,event_count_36,0.027654265984892845,201906
1606,event_count_40,0.03908531367778778,201906
1607,event_count_42,0.028289046138525013,201906
1608,event_count_43,0.02974277175962925,201906
1609,event_count_46,0.024627357721328732,201906
1610,event_count_50,0.041432235389947884,201906
1611,event_count_51,0.05354936048388481,201906
1612,event_count_57,0.0478980615735054,201906
1613,event_count_60,0.03628592938184738,201906
1614,event_count_70,0.06404129415750504,201906
1615,event_count_71,0.023804759606719017,201906
1616,event_count_84,0.0506477952003479,201906
1617,event_count_90,0.033979076892137534,201906
1618,event_count_100,0.03622428700327873,201906
1619,event_count_110,0.08392107486724854,201906
1620,event_count_111,0.02091707475483417,201906
1621,event_count_112,0.0741676390171051,201906
1622,event_count_120,0.04454627633094788,201906
1623,event_count_173,0.02450302615761757,201906
1624,event_count_190,0.04346349090337753,201906
1625,event_count_10,0.030112104490399364,201907
1626,event_count_12,0.06161049380898476,201907
1627,event_count_13,0.049629658460617065,201907
1628,event_count_20,0.02991788648068905,201907
1629,event_count_30,0.017912071198225018,201907
1630,event_count_36,0.024512328207492832,201907
1631,event_count_40,0.024745043367147446,201907
1632,event_count_42,0.038101181387901306,201907
1633,event_count_43,0.025744128972291943,201907
1634,event_count_46,0.03677546977996826,201907
1635,event_count_50,0.045693032443523414,201907
1636,event_count_51,0.07902909070253372,201907
1637,event_count_57,0.038244426250457764,201907
1638,event_count_60,0.027260197326540947,201907
1639,event_count_70,0.044656161218881614,201907
1640,event_count_71,0.01879059709608555,201907
1641,event_count_84,0.04955822229385376,201907
1642,event_count_90,0.06453131139278412,201907
1643,event_count_100,0.03820845112204552,201907
1644,event_count_110,0.04641232267022133,201907
1645,event_count_111,0.024667242541909214,201907
1646,event_count_112,0.0930149257183075,201907
1647,event_count_120,0.032006625086069114,201907
1648,event_count_173,0.026254799216985703,201907
1649,event_count_190,0.032612308859825134,201907
1650,event_count_10,0.037739742547273636,201908
1651,event_count_12,0.07462070882320404,201908
1652,event_count_13,0.06212359294295311,201908
1653,event_count_20,0.0579904206097126,201908
1654,event_count_30,0.015432543121278288,201908
1655,event_count_36,0.03621123731136322,201908
1656,event_count_40,0.032493870705366135,201908
1657,event_count_42,0.034921713173389435,201908
1658,event_count_43,0.02710207737982273,201908
1659,event_count_46,0.015655266121029854,201908
1660,event_count_50,0.0483684241771698,201908
1661,event_count_51,0.07383532077074051,201908
1662,event_count_57,0.043812166899442666,201908
1663,event_count_60,0.040876355022192,201908
1664,event_count_70,0.058205533772706985,201908
1665,event_count_71,0.0005345667013898492,201908
1666,event_count_84,0.029877655208110813,201908
1667,event_count_90,0.06468323618173599,201908
1668,event_count_100,0.035445332527160645,201908
1669,event_count_110,0.034460630267858505,201908
1670,event_count_111,0.017397452145814896,201908
1671,event_count_112,0.051595330238342285,201908
1672,event_count_120,0.049060601741075516,201908
1673,event_count_173,0.013050315901637077,201908
1674,event_count_190,0.044505909085273736,201908
1675,event_count_10,0.032714862376451485,201909
1676,event_count_12,0.08636149019002914,201909
1677,event_count_13,0.06972053647041321,201909
1678,event_count_20,0.0194992870092392,201909
1679,event_count_30,0.0,201909
1680,event_count_36,0.03632474690675736,201909
1681,event_count_40,0.04130726307630539,201909
1682,event_count_42,0.026370085775852203,201909
1683,event_count_43,0.04308512806892395,201909
1684,event_count_46,0.02788596786558628,201909
1685,event_count_50,0.08477740734815598,201909
1686,event_count_51,0.03375478833913803,201909
1687,event_count_57,0.0330267958343029,201909
1688,event_count_60,0.05151287466287613,201909
1689,event_count_70,0.0851268395781517,201909
1690,event_count_71,0.0011378589551895855,201909
1691,event_count_84,0.0284796841442585,201909
1692,event_count_90,0.02330024726688862,201909
1693,event_count_100,0.0,201909
1694,event_count_110,0.033702682703733444,201909
1695,event_count_111,0.021402468904852867,201909
1696,event_count_112,0.10674283653497696,201909
1697,event_count_120,0.03354131057858467,201909
1698,event_count_173,0.0,201909
1699,event_count_190,0.08022479712963104,201909
1700,event_count_10,0.02394840307533741,201910
1701,event_count_12,0.05974611267447472,201910
1702,event_count_13,0.055625222623348236,201910
1703,event_count_20,0.03978238627314568,201910
1704,event_count_30,0.015245456248521803,201910
1705,event_count_36,0.02921048365533352,201910
1706,event_count_40,0.020308921113610268,201910
1707,event_count_42,0.02086612582206726,201910
1708,event_count_43,0.016837643459439278,201910
1709,event_count_46,0.013069010339677334,201910
1710,event_count_50,0.044737976044416435,201910
1711,event_count_51,0.07781009376049043,201910
1712,event_count_57,0.0328066423535347,201910
1713,event_count_60,0.03460371121764183,201910
1714,event_count_70,0.07460016012191772,201910
1715,event_count_71,0.034644920378923416,201910
1716,event_count_84,0.059017077088356025,201910
1717,event_count_90,0.032790448516607285,201910
1718,event_count_100,0.03676719591021538,201910
1719,event_count_110,0.03323710709810257,201910
1720,event_count_111,0.04248099401593208,201910
1721,event_count_112,0.07868652790784836,201910
1722,event_count_120,0.0322381854057312,201910
1723,event_count_173,0.06100308895111084,201910
1724,event_count_190,0.029936071485280987,201910
1725,event_count_10,0.014903327450156212,201911
1726,event_count_12,0.07856041938066483,201911
1727,event_count_13,0.07414577901363373,201911
1728,event_count_20,0.023339442908763885,201911
1729,event_count_30,0.024015529081225395,201911
1730,event_count_36,0.03341346606612205,201911
1731,event_count_40,0.030429396778345105,201911
1732,event_count_42,0.013015854172408579,201911
1733,event_count_43,0.02128404751420021,201911
1734,event_count_46,0.052285246551036835,201911
1735,event_count_50,0.02040611207485199,201911
1736,event_count_51,0.039298318326473236,201911
1737,event_count_57,0.03801218792796135,201911
1738,event_count_60,0.02537587657570839,201911
1739,event_count_70,0.05577201396226883,201911
1740,event_count_71,0.045503463596105576,201911
1741,event_count_84,0.07023771852254868,201911
1742,event_count_90,0.04860731214284897,201911
1743,event_count_100,0.038363199681043625,201911
1744,event_count_110,0.05179998651146889,201911
1745,event_count_111,0.018763577565550804,201911
1746,event_count_112,0.07322001457214355,201911
1747,event_count_120,0.0406852588057518,201911
1748,event_count_173,0.0285587664693594,201911
1749,event_count_190,0.04000367224216461,201911
1750,event_count_10,0.026190657168626785,201912
1751,event_count_12,0.01974903978407383,201912
1752,event_count_13,0.06927797198295592,201912
1753,event_count_20,0.017709389328956604,201912
1754,event_count_30,0.03436782956123352,201912
1755,event_count_36,0.035474009811878204,201912
1756,event_count_40,0.05238725244998932,201912
1757,event_count_42,0.01841649599373341,201912
1758,event_count_43,0.03401542454957962,201912
1759,event_count_46,0.06787711381912231,201912
1760,event_count_50,0.02654455602169037,201912
1761,event_count_51,0.035682082176208496,201912
1762,event_count_57,0.06784157454967499,201912
1763,event_count_60,0.036275409162044525,201912
1764,event_count_70,0.038741450756788254,201912
1765,event_count_71,0.039519865065813065,201912
1766,event_count_84,0.05634753033518791,201912
1767,event_count_90,0.016318896785378456,201912
1768,event_count_100,0.04822960868477821,201912
1769,event_count_110,0.03239947184920311,201912
1770,event_count_111,0.01202330272644758,201912
1771,event_count_112,0.06154726818203926,201912
1772,event_count_120,0.052724625915288925,201912
1773,event_count_173,0.046577196568250656,201912
1774,event_count_190,0.05376197397708893,201912
1775,event_count_10,0.02058929018676281,202001
1776,event_count_12,0.014819232746958731,202001
1777,event_count_13,0.03366981819272041,202001
1778,event_count_20,0.019559156149625775,202001
1779,event_count_30,0.03205447271466255,202001
1780,event_count_36,0.03595038503408432,202001
1781,event_count_40,0.03483802080154419,202001
1782,event_count_42,0.008612319827079773,202001
1783,event_count_43,0.022669415920972824,202001
1784,event_count_46,0.05658334866166115,202001
1785,event_count_50,0.023001335561275482,202001
1786,event_count_51,0.030672799795866013,202001
1787,event_count_57,0.058717861771583564,202001
1788,event_count_60,0.020524464547634125,202001
1789,event_count_70,0.09177857637405397,202001
1790,event_count_71,0.030033115297555923,202001
1791,event_count_84,0.09524055570363997,202001
1792,event_count_90,0.061142772436141975,202001
1793,event_count_100,0.0509336106479168,202001
1794,event_count_110,0.04430073499679565,202001
1795,event_count_111,0.015288850292563437,202001
1796,event_count_112,0.05281534790992737,202001
1797,event_count_120,0.031102392822504044,202001
1798,event_count_173,0.046659823507070534,202001
1799,event_count_190,0.06844235211610794,202001
1800,event_count_10,0.03819229453802109,202002
1801,event_count_12,0.053175527602434165,202002
1802,event_count_13,0.11604952067136765,202002
1803,event_count_20,0.024394815787673,202002
1804,event_count_30,0.0,202002
1805,event_count_36,0.07942552864551544,202002
1806,event_count_40,0.047646522521972656,202002
1807,event_count_42,0.02050289511680603,202002
1808,event_count_43,0.06706000119447708,202002
1809,event_count_46,0.041542619466781616,202002
1810,event_count_50,0.03829892352223396,202002
1811,event_count_51,0.03218260034918785,202002
1812,event_count_57,0.02489265613257885,202002
1813,event_count_60,0.06287167966365814,202002
1814,event_count_70,0.06173183768987656,202002
1815,event_count_71,0.0,202002
1816,event_count_84,0.04884826019406319,202002
1817,event_count_90,0.02823452465236187,202002
1818,event_count_100,0.004299947526305914,202002
1819,event_count_110,0.053435415029525764,202002
1820,event_count_111,0.027162611484527588,202002
1821,event_count_112,0.0611136369407177,202002
1822,event_count_120,0.020028775557875637,202002
1823,event_count_173,0.0,202002
1824,event_count_190,0.04890934377908707,202002
1825,event_count_190,0.033705610781908035,202003
1826,event_count_173,0.047486424446105964,202003
1827,event_count_120,0.053135067224502563,202003
1828,event_count_112,0.027721282094717026,202003
1829,event_count_111,0.0,202003
1830,event_count_110,0.07229752093553543,202003
1831,event_count_100,0.0556366853415966,202003
1832,event_count_90,0.02531399205327034,202003
1833,event_count_84,0.08905384689569472,202003
1834,event_count_71,0.035951457917690284,202003
1835,event_count_70,0.09128793329000473,202003
1836,event_count_60,0.01992343738675117,202003
1837,event_count_57,0.029470669105648994,202003
1838,event_count_51,0.051446206867694855,202003
1839,event_count_50,0.06283095479011536,202003
1840,event_count_46,0.0,202003
1841,event_count_43,0.0413583479821682,202003
1842,event_count_42,0.05238877981901169,202003
1843,event_count_40,0.0,202003
1844,event_count_36,0.0637107640504837,202003
1845,event_count_30,0.031377922743558884,202003
1846,event_count_20,0.04127892851829529,202003
1847,event_count_13,0.04188980907201767,202003
1848,event_count_12,0.0,202003
1849,event_count_10,0.03273434191942215,202003
1850,event_count_190,0.02670600265264511,202004
1851,event_count_173,0.03761784359812737,202004
1852,event_count_120,0.030216347426176068,202004
1853,event_count_112,0.017667075619101524,202004
1854,event_count_111,0.033820800483226776,202004
1855,event_count_110,0.04440798982977867,202004
1856,event_count_100,0.018590422347188,202004
1857,event_count_90,0.019400307908654213,202004
1858,event_count_84,0.029926048591732982,202004
1859,event_count_71,0.02794431708753109,202004
1860,event_count_70,0.0649481788277626,202004
1861,event_count_60,0.02088107354938984,202004
1862,event_count_57,0.027572479099035263,202004
1863,event_count_51,0.0853024423122406,202004
1864,event_count_50,0.07333061099052429,202004
1865,event_count_46,0.033064443618059165,202004
1866,event_count_43,0.05543981492519379,202004
1867,event_count_42,0.03671785071492195,202004
1868,event_count_40,0.04484710469841957,202004
1869,event_count_36,0.043998196721076965,202004
1870,event_count_30,0.03507380187511444,202004
1871,event_count_20,0.033109650015830994,202004
1872,event_count_13,0.06092453747987747,202004
1873,event_count_12,0.040037017315626144,202004
1874,event_count_10,0.05845562741160393,202004
1875,event_count_190,0.041862953454256065,202005
1876,event_count_173,0.021058838814496997,202005
1877,event_count_120,0.06067624315619469,202005
1878,event_count_112,0.05042287707328797,202005
1879,event_count_111,0.0,202005
1880,event_count_110,0.09190355986356737,202005
1881,event_count_100,0.06237327307462692,202005
1882,event_count_90,0.0363907665014267,202005
1883,event_count_84,0.08737903088331223,202005
1884,event_count_71,0.01575138233602047,202005
1885,event_count_70,0.022823847830295563,202005
1886,event_count_60,0.041086331009864814,202005
1887,event_count_57,0.02600254863500595,202005
1888,event_count_51,0.05563712865114212,202005
1889,event_count_50,0.04311297461390495,202005
1890,event_count_46,0.0,202005
1891,event_count_43,0.03240407258272171,202005
1892,event_count_42,0.06003064662218094,202005
1893,event_count_40,0.0,202005
1894,event_count_36,0.04165462031960488,202005
1895,event_count_30,0.03596236929297447,202005
1896,event_count_20,0.042627431452274316,202005
1897,event_count_13,0.07249221950769424,202005
1898,event_count_12,0.0,202005
1899,event_count_10,0.05834687501192092,202005
1900,event_count_190,0.022527074441313744,202006
1901,event_count_173,0.003160074818879366,202006
1902,event_count_120,0.0775967687368393,202006
1903,event_count_112,0.025557070970535282,202006
1904,event_count_111,0.0,202006
1905,event_count_110,0.1113399937748909,202006
1906,event_count_100,0.03173990920186043,202006
1907,event_count_90,0.029417555779218674,202006
1908,event_count_84,0.08420863002538681,202006
1909,event_count_71,0.024293577298522,202006
1910,event_count_70,0.03197367861866951,202006
1911,event_count_60,0.03052547760307789,202006
1912,event_count_57,0.022165467962622643,202006
1913,event_count_51,0.10782741755247116,202006
1914,event_count_50,0.04198335856199265,202006
1915,event_count_46,0.0,202006
1916,event_count_43,0.029515020549297333,202006
1917,event_count_42,0.08744090050458908,202006
1918,event_count_40,0.0,202006
1919,event_count_36,0.03785856813192368,202006
1920,event_count_30,0.05605127289891243,202006
1921,event_count_20,0.04726153239607811,202006
1922,event_count_13,0.026506252586841583,202006
1923,event_count_12,0.0,202006
1924,event_count_10,0.07105042040348053,202006
1925,event_count_190,0.0014989431947469713,202007
1926,event_count_173,0.020433643832802773,202007
1927,event_count_120,0.0906018540263176,202007
1928,event_count_112,0.0009610097622498869,202007
1929,event_count_111,0.06233587861061096,202007
1930,event_count_110,0.07682329416275024,202007
1931,event_count_100,0.049629110842943185,202007
1932,event_count_90,0.0408390499651432,202007
1933,event_count_84,0.00491466885432601,202007
1934,event_count_71,0.002701869234442711,202007
1935,event_count_70,0.008030141703784466,202007
1936,event_count_60,0.07391823828220367,202007
1937,event_count_57,0.02257535606622696,202007
1938,event_count_51,0.04185803979635239,202007
1939,event_count_50,0.022138508036732674,202007
1940,event_count_46,0.029065722599625587,202007
1941,event_count_43,0.04807914048433304,202007
1942,event_count_42,0.06477808952331543,202007
1943,event_count_40,0.028795426711440086,202007
1944,event_count_36,0.019088298082351685,202007
1945,event_count_30,0.01173844374716282,202007
1946,event_count_20,0.0028501662891358137,202007
1947,event_count_13,0.0671444833278656,202007
1948,event_count_12,0.1726905256509781,202007
1949,event_count_10,0.03651015087962151,202007
1950,event_count_190,0.0018017826369032266,202008
1951,event_count_173,0.01563466712832451,202008
1952,event_count_120,0.09465598315000534,202008
1953,event_count_112,0.001712476834654808,202008
1954,event_count_111,0.03991321474313736,202008
1955,event_count_110,0.0627782866358757,202008
1956,event_count_100,0.02014093101024628,202008
1957,event_count_90,0.06493832916021347,202008
1958,event_count_84,0.004869058728218079,202008
1959,event_count_71,0.0030077609699219465,202008
1960,event_count_70,0.007557797245681286,202008
1961,event_count_60,0.08809108287096024,202008
1962,event_count_57,0.032117031514644616,202008
1963,event_count_51,0.038055837154388435,202008
1964,event_count_50,0.035496488213539124,202008
1965,event_count_46,0.01941150240600109,202008
1966,event_count_43,0.062495499849319465,202008
1967,event_count_42,0.05731987580657005,202008
1968,event_count_40,0.05512716993689537,202008
1969,event_count_36,0.019518842920660973,202008
1970,event_count_30,0.00913346651941538,202008
1971,event_count_20,0.002590430434793234,202008
1972,event_count_13,0.058371361345052726,202008
1973,event_count_12,0.17325308918952942,202008
1974,event_count_10,0.032008040696382516,202008
1975,event_count_190,0.0198470875620842,202009
1976,event_count_173,0.03185654804110527,202009
1977,event_count_120,0.07136696577072144,202009
1978,event_count_112,0.011464704759418964,202009
1979,event_count_111,0.04851868003606796,202009
1980,event_count_110,0.020978363230824467,202009
1981,event_count_100,0.005045087542384863,202009
1982,event_count_90,0.01596817933022976,202009
1983,event_count_84,0.016044104471802708,202009
1984,event_count_71,0.01629109866917133,202009
1985,event_count_70,0.0294613279402256,202009
1986,event_count_60,0.004370636306703091,202009
1987,event_count_57,0.0359480194747448,202009
1988,event_count_51,0.1210976094007492,202009
1989,event_count_50,0.09642849862575532,202009
1990,event_count_46,0.0467071533203125,202009
1991,event_count_43,0.07229327410459517,202009
1992,event_count_42,0.03906917572021485,202009
1993,event_count_40,0.023255912587046627,202009
1994,event_count_36,0.037369631230831146,202009
1995,event_count_30,0.034618455916643136,202009
1996,event_count_20,0.022236691787838936,202009
1997,event_count_13,0.08918158710002899,202009
1998,event_count_12,0.0461934357881546,202009
1999,event_count_10,0.044387798756361015,202009
2000,event_count_190,0.033094845712184906,202010
2001,event_count_173,0.015332848764955997,202010
2002,event_count_120,0.071570985019207,202010
2003,event_count_112,0.020766114816069603,202010
2004,event_count_111,0.01999877765774727,202010
2005,event_count_110,0.007656889967620374,202010
2006,event_count_100,0.04362908750772476,202010
2007,event_count_90,0.02087468653917313,202010
2008,event_count_84,0.009566686116158962,202010
2009,event_count_71,0.020033208653330803,202010
2010,event_count_70,0.02184058167040348,202010
2011,event_count_60,0.004051405005156994,202010
2012,event_count_57,0.040784209966659546,202010
2013,event_count_51,0.1455267369747162,202010
2014,event_count_50,0.08677386492490767,202010
2015,event_count_46,0.027664860710501667,202010
2016,event_count_43,0.07946020364761353,202010
2017,event_count_42,0.0396130196750164,202010
2018,event_count_40,0.045060060918331146,202010
2019,event_count_36,0.024929843842983246,202010
2020,event_count_30,0.018110577017068863,202010
2021,event_count_20,0.01963943801820278,202010
2022,event_count_13,0.0787898451089859,202010
2023,event_count_12,0.07942210882902145,202010
2024,event_count_10,0.02580917626619339,202010
2025,event_count_190,0.044100426137447364,202011
2026,event_count_173,0.0320962630212307,202011
2027,event_count_120,0.06669652462005615,202011
2028,event_count_112,0.014602714218199253,202011
2029,event_count_111,0.013566337525844574,202011
2030,event_count_110,0.02377625182271004,202011
2031,event_count_100,0.0549485981464386,202011
2032,event_count_90,0.030988091602921486,202011
2033,event_count_84,0.0140216164290905,202011
2034,event_count_71,0.04554431140422821,202011
2035,event_count_70,0.030102243646979325,202011
2036,event_count_60,0.004861280787736178,202011
2037,event_count_57,0.03897001594305039,202011
2038,event_count_51,0.13252291083335874,202011
2039,event_count_50,0.08881597220897675,202011
2040,event_count_46,0.02394132874906063,202011
2041,event_count_43,0.0661415383219719,202011
2042,event_count_42,0.0680471658706665,202011
2043,event_count_40,0.031788963824510574,202011
2044,event_count_36,0.016363389790058136,202011
2045,event_count_30,0.027303995564579964,202011
2046,event_count_20,0.027225825935602188,202011
2047,event_count_13,0.05067028477787972,202011
2048,event_count_12,0.033975593745708466,202011
2049,event_count_10,0.01892841048538685,202011
2050,event_count_190,0.04489981010556221,202012
2051,event_count_173,0.02370542287826538,202012
2052,event_count_120,0.06421398371458054,202012
2053,event_count_112,0.005417786538600922,202012
2054,event_count_111,0.014951671473681928,202012
2055,event_count_110,0.018168428912758827,202012
2056,event_count_100,0.025334389880299568,202012
2057,event_count_90,0.03394165262579918,202012
2058,event_count_84,0.02160874381661415,202012
2059,event_count_71,0.04307068884372711,202012
2060,event_count_70,0.01870192401111126,202012
2061,event_count_60,0.016815871000289917,202012
2062,event_count_57,0.07962775230407715,202012
2063,event_count_51,0.1289071887731552,202012
2064,event_count_50,0.04795358330011368,202012
2065,event_count_46,0.02505240403115749,202012
2066,event_count_43,0.04781286045908928,202012
2067,event_count_42,0.06512308865785599,202012
2068,event_count_40,0.05245455354452133,202012
2069,event_count_36,0.04706037789583206,202012
2070,event_count_30,0.023034250363707542,202012
2071,event_count_20,0.01318056508898735,202012
2072,event_count_13,0.0967894122004509,202012
2073,event_count_12,0.017243172973394394,202012
2074,event_count_10,0.02493046410381794,202012
2075,event_count_190,0.04584043100476265,202101
2076,event_count_173,0.021154019981622696,202101
2077,event_count_120,0.08525482565164566,202101
2078,event_count_112,0.002333998680114746,202101
2079,event_count_111,0.015091631561517715,202101
2080,event_count_110,0.015164420008659363,202101
2081,event_count_100,0.020246954634785645,202101
2082,event_count_90,0.029519274830818176,202101
2083,event_count_84,0.0137306060642004,202101
2084,event_count_71,0.030802331864833832,202101
2085,event_count_70,0.014449257403612137,202101
2086,event_count_60,0.009042780846357346,202101
2087,event_count_57,0.09877554327249527,202101
2088,event_count_51,0.09411395341157912,202101
2089,event_count_50,0.057158377021551125,202101
2090,event_count_46,0.03429863601922989,202101
2091,event_count_43,0.06559168547391891,202101
2092,event_count_42,0.05481378361582756,202101
2093,event_count_40,0.03485316410660744,202101
2094,event_count_36,0.023115724325180054,202101
2095,event_count_30,0.02362741157412529,202101
2096,event_count_20,0.02694239281117916,202101
2097,event_count_13,0.08802507817745209,202101
2098,event_count_12,0.07056296616792679,202101
2099,event_count_10,0.025490695610642437,202101
2100,event_count_190,0.0277057271450758,202102
2101,event_count_173,0.0246049165725708,202102
2102,event_count_120,0.03305917978286743,202102
2103,event_count_112,0.017665714025497437,202102
2104,event_count_111,0.01640643179416656,202102
2105,event_count_110,0.009933076798915865,202102
2106,event_count_100,0.01967385970056057,202102
2107,event_count_90,0.016941174864768982,202102
2108,event_count_84,0.008583366870880127,202102
2109,event_count_71,0.0069172102957963935,202102
2110,event_count_70,0.010368279181420805,202102
2111,event_count_60,0.023542381823062897,202102
2112,event_count_57,0.07171456515789032,202102
2113,event_count_51,0.08347880095243454,202102
2114,event_count_50,0.04486212879419327,202102
2115,event_count_46,0.030730180442333218,202102
2116,event_count_43,0.0446142852306366,202102
2117,event_count_42,0.06521131098270416,202102
2118,event_count_40,0.02935201302170753,202102
2119,event_count_36,0.027809113264083862,202102
2120,event_count_30,0.02814219333231449,202102
2121,event_count_20,0.05133338272571564,202102
2122,event_count_13,0.08616513758897781,202102
2123,event_count_12,0.20092631876468656,202102
2124,event_count_10,0.020259248092770576,202102
