MonthYear,GPI,event_count_10,event_count_11,event_count_12,event_count_13,event_count_14,event_count_15,event_count_16,event_count_17,event_count_18,event_count_19,event_count_20,event_count_21,event_count_22,event_count_23,event_count_24,event_count_25,event_count_26,event_count_27,event_count_28,event_count_30,event_count_31,event_count_32,event_count_33,event_count_34,event_count_35,event_count_36,event_count_37,event_count_38,event_count_39,event_count_40,event_count_41,event_count_42,event_count_43,event_count_44,event_count_45,event_count_46,event_count_50,event_count_51,event_count_52,event_count_53,event_count_54,event_count_55,event_count_56,event_count_57,event_count_60,event_count_61,event_count_62,event_count_63,event_count_64,event_count_70,event_count_71,event_count_72,event_count_73,event_count_74,event_count_75,event_count_80,event_count_81,event_count_82,event_count_83,event_count_84,event_count_85,event_count_86,event_count_87,event_count_90,event_count_91,event_count_92,event_count_93,event_count_94,event_count_100,event_count_101,event_count_102,event_count_103,event_count_104,event_count_105,event_count_106,event_count_107,event_count_110,event_count_111,event_count_112,event_count_113,event_count_114,event_count_115,event_count_116,event_count_120,event_count_121,event_count_122,event_count_123,event_count_124,event_count_125,event_count_127,event_count_128,event_count_129,event_count_130,event_count_131,event_count_132,event_count_133,event_count_134,event_count_136,event_count_137,event_count_138,event_count_139,event_count_140,event_count_141,event_count_142,event_count_143,event_count_144,event_count_145,event_count_150,event_count_151,event_count_152,event_count_153,event_count_154,event_count_160,event_count_161,event_count_162,event_count_163,event_count_164,event_count_165,event_count_166,event_count_170,event_count_171,event_count_172,event_count_173,event_count_174,event_count_175,event_count_180,event_count_181,event_count_182,event_count_183,event_count_185,event_count_186,event_count_190,event_count_191,event_count_192,event_count_193,event_count_194,event_count_195,event_count_196,event_count_201,event_count_202,event_count_203
200803,1.58,217,4,24,71,21,5,2.0,8,2,0.0,169,3.0,5.0,10,0.0,1.0,8,0.0,0.0,40,16,0.0,15,0.0,4.0,162,0.0,0.0,0.0,116,4.0,227,226,3.0,4,107,50,121,2.0,0.0,0.0,0.0,0.0,58,58,9,3.0,4.0,1.0,32,122,21.0,6,0.0,1.0,49,3.0,0.0,4,48,0.0,0.0,4,52,0.0,0.0,0.0,0.0,39,1.0,0.0,0.0,0.0,5.0,0.0,0.0,19,42,32,0.0,18,0.0,0.0,47,0.0,1.0,0.0,4.0,0.0,0.0,1.0,0.0,18,0.0,0.0,1.0,0.0,0.0,0.0,12.0,1.0,2.0,18,0.0,0.0,0.0,0.0,3.0,0.0,3.0,0.0,6.0,7.0,0.0,0.0,1.0,6.0,0.0,0.0,0.0,5.0,12,92,3.0,1.0,5.0,0.0,2.0,3.0,0.0,0.0,37,1.0,3,8,3.0,0.0,0.0,0.0,0.0,0.0
200804,1.5748333333333333,220,3,32,62,29,18,8.0,4,1,1.0,145,6.0,0.0,6,0.0,2.0,24,0.0,0.0,33,14,0.0,6,0.0,4.0,183,2.0,0.0,3.0,199,7.0,215,210,9.0,5,136,27,109,3.0,0.0,0.0,0.0,0.0,61,47,26,0.0,0.0,0.0,29,76,1.0,1,0.0,0.0,23,1.0,0.0,14,20,1.0,0.0,1,29,0.0,0.0,0.0,0.0,18,0.0,0.0,1.0,0.0,0.0,0.0,0.0,16,30,28,0.0,14,1.0,0.0,33,0.0,0.0,2.0,1.0,4.0,0.0,2.0,0.0,15,0.0,0.0,0.0,0.0,0.0,0.0,7.0,0.0,0.0,4,0.0,0.0,0.0,0.0,2.0,0.0,1.0,0.0,7.0,3.0,4.0,0.0,0.0,4.0,0.0,0.0,0.0,2.0,45,40,0.0,0.0,2.0,1.0,2.0,3.0,0.0,1.0,21,0.0,12,4,0.0,0.0,0.0,0.0,0.0,0.0
200805,1.5696666666666668,250,6,48,86,58,2,3.0,41,3,0.0,202,4.0,1.0,23,0.0,7.0,37,0.0,0.0,121,40,0.0,44,0.0,10.0,211,1.0,0.0,0.0,378,8.0,315,273,4.0,12,127,55,100,0.0,2.0,11.0,1.0,0.0,68,99,36,7.0,0.0,1.0,69,84,6.0,59,0.0,1.0,25,1.0,0.0,31,25,0.0,2.0,19,36,0.0,0.0,0.0,0.0,30,0.0,0.0,0.0,0.0,0.0,0.0,0.0,38,34,45,1.0,11,2.0,0.0,54,0.0,3.0,0.0,12.0,4.0,0.0,4.0,2.0,16,0.0,0.0,0.0,0.0,0.0,0.0,1.0,0.0,0.0,8,0.0,1.0,2.0,1.0,1.0,0.0,0.0,2.0,1.0,13.0,4.0,0.0,1.0,6.0,0.0,0.0,0.0,3.0,38,74,3.0,3.0,1.0,0.0,2.0,1.0,0.0,2.0,44,2.0,26,2,0.0,1.0,0.0,0.0,0.0,0.0
200806,1.5645,195,2,29,50,17,6,8.0,10,8,1.0,138,3.0,0.0,1,0.0,0.0,11,0.0,0.0,26,33,2.0,12,0.0,6.0,143,0.0,0.0,0.0,131,3.0,189,165,4.0,6,92,26,97,5.0,0.0,6.0,1.0,0.0,74,27,46,13.0,1.0,1.0,19,103,0.0,12,0.0,3.0,16,1.0,0.0,4,33,0.0,0.0,6,39,0.0,0.0,0.0,0.0,21,0.0,0.0,0.0,1.0,1.0,0.0,0.0,27,51,37,0.0,10,0.0,0.0,47,0.0,0.0,0.0,4.0,4.0,0.0,4.0,0.0,6,4.0,0.0,0.0,0.0,0.0,0.0,6.0,4.0,0.0,8,0.0,2.0,0.0,0.0,8.0,3.0,1.0,0.0,7.0,4.0,1.0,0.0,0.0,2.0,0.0,0.0,2.0,0.0,20,99,4.0,0.0,3.0,1.0,5.0,5.0,0.0,0.0,32,0.0,8,2,2.0,2.0,0.0,0.0,0.0,0.0
200807,1.5593333333333337,406,5,52,102,36,5,5.0,4,6,0.0,226,6.0,1.0,7,0.0,32.0,46,4.0,1.0,61,23,0.0,20,0.0,11.0,516,4.0,0.0,0.0,819,1.0,440,433,53.0,17,413,52,108,9.0,0.0,1.0,1.0,0.0,122,78,52,5.0,0.0,1.0,57,72,0.0,5,0.0,0.0,25,16.0,0.0,11,110,0.0,0.0,4,69,0.0,0.0,0.0,0.0,48,4.0,0.0,0.0,0.0,1.0,0.0,0.0,82,60,53,1.0,8,0.0,0.0,58,0.0,0.0,0.0,3.0,10.0,1.0,7.0,0.0,19,0.0,0.0,0.0,0.0,0.0,0.0,6.0,3.0,0.0,7,0.0,0.0,0.0,0.0,17.0,0.0,2.0,1.0,6.0,8.0,5.0,0.0,0.0,18.0,0.0,0.0,1.0,2.0,19,233,1.0,2.0,7.0,2.0,3.0,1.0,0.0,4.0,37,3.0,9,10,4.0,8.0,0.0,0.0,0.0,0.0
200808,1.5541666666666667,210,3,23,53,15,18,7.0,23,1,0.0,99,7.0,3.0,6,0.0,1.0,5,0.0,0.0,35,19,3.0,3,0.0,2.0,98,4.0,0.0,1.0,179,0.0,202,198,1.0,3,110,30,86,0.0,0.0,0.0,0.0,0.0,44,41,18,7.0,0.0,0.0,65,63,9.0,8,0.0,0.0,14,12.0,0.0,6,20,0.0,0.0,2,39,3.0,0.0,0.0,0.0,28,0.0,0.0,0.0,0.0,0.0,0.0,0.0,22,24,32,0.0,13,1.0,0.0,29,0.0,0.0,0.0,2.0,0.0,0.0,4.0,0.0,11,2.0,0.0,0.0,0.0,0.0,0.0,7.0,0.0,1.0,13,0.0,0.0,0.0,0.0,4.0,0.0,0.0,0.0,7.0,2.0,0.0,1.0,0.0,3.0,0.0,0.0,1.0,4.0,34,77,2.0,0.0,8.0,1.0,4.0,0.0,0.0,1.0,21,0.0,5,12,0.0,0.0,0.0,0.0,0.0,0.0
200809,1.5490000000000002,201,7,32,40,20,3,10.0,5,6,0.0,116,0.0,0.0,9,0.0,10.0,15,0.0,0.0,36,22,2.0,5,0.0,7.0,95,1.0,0.0,0.0,109,10.0,143,140,1.0,13,75,58,34,2.0,0.0,1.0,1.0,1.0,78,73,33,0.0,2.0,1.0,20,42,2.0,2,0.0,1.0,14,1.0,0.0,1,28,0.0,0.0,2,33,0.0,0.0,0.0,0.0,20,0.0,0.0,0.0,0.0,3.0,0.0,0.0,24,27,26,0.0,5,0.0,0.0,32,0.0,0.0,0.0,7.0,1.0,0.0,4.0,0.0,16,0.0,0.0,0.0,0.0,0.0,0.0,0.0,1.0,0.0,4,0.0,0.0,0.0,0.0,3.0,0.0,1.0,0.0,1.0,8.0,3.0,0.0,2.0,1.0,0.0,0.0,4.0,4.0,28,51,0.0,0.0,8.0,0.0,2.0,0.0,0.0,0.0,17,0.0,2,1,0.0,0.0,0.0,0.0,0.0,0.0
200810,1.5438333333333334,181,4,58,57,30,6,0.0,8,5,0.0,168,1.0,0.0,6,0.0,3.0,25,0.0,0.0,40,14,2.0,9,0.0,3.0,126,6.0,0.0,1.0,149,3.0,164,169,1.0,2,93,35,98,0.0,0.0,0.0,2.0,0.0,67,34,56,5.0,0.0,0.0,51,65,2.0,9,0.0,0.0,14,5.0,0.0,5,14,0.0,2.0,6,34,2.0,0.0,0.0,0.0,22,0.0,0.0,0.0,1.0,3.0,0.0,0.0,26,26,28,0.0,14,0.0,0.0,35,0.0,0.0,0.0,0.0,1.0,0.0,5.0,0.0,13,0.0,0.0,2.0,0.0,0.0,0.0,6.0,1.0,0.0,11,0.0,1.0,0.0,0.0,5.0,0.0,0.0,0.0,2.0,5.0,1.0,0.0,0.0,0.0,0.0,3.0,0.0,2.0,26,45,0.0,0.0,3.0,0.0,0.0,0.0,0.0,1.0,31,0.0,3,1,0.0,0.0,0.0,0.0,0.0,0.0
200811,1.5386666666666666,215,4,48,64,36,8,1.0,11,20,0.0,152,5.0,0.0,3,2.0,6.0,7,0.0,3.0,50,18,2.0,13,0.0,3.0,180,2.0,0.0,0.0,152,15.0,236,253,1.0,5,110,41,103,4.0,1.0,0.0,1.0,0.0,68,65,44,0.0,0.0,0.0,46,55,2.0,15,0.0,1.0,32,3.0,0.0,6,14,0.0,0.0,5,42,0.0,0.0,0.0,0.0,27,0.0,0.0,0.0,0.0,2.0,0.0,0.0,22,47,30,0.0,6,0.0,0.0,32,0.0,0.0,0.0,1.0,1.0,0.0,1.0,0.0,28,0.0,0.0,1.0,0.0,0.0,0.0,7.0,0.0,0.0,10,0.0,1.0,0.0,0.0,0.0,1.0,2.0,0.0,2.0,40.0,4.0,0.0,0.0,3.0,0.0,0.0,0.0,0.0,26,63,0.0,0.0,9.0,27.0,0.0,3.0,0.0,1.0,65,1.0,3,10,1.0,0.0,0.0,0.0,2.0,0.0
200812,1.5335,212,7,42,66,28,13,1.0,9,9,0.0,152,9.0,1.0,11,0.0,7.0,6,0.0,0.0,59,26,0.0,13,0.0,15.0,202,2.0,0.0,0.0,190,9.0,306,308,0.0,6,102,42,103,1.0,0.0,0.0,0.0,0.0,65,68,59,10.0,2.0,0.0,64,52,3.0,4,0.0,0.0,27,5.0,0.0,9,25,0.0,0.0,3,53,3.0,0.0,0.0,0.0,34,2.0,0.0,0.0,0.0,2.0,0.0,0.0,32,39,19,0.0,8,0.0,0.0,49,0.0,1.0,0.0,1.0,6.0,3.0,0.0,1.0,26,0.0,0.0,1.0,0.0,0.0,0.0,5.0,0.0,0.0,6,0.0,2.0,0.0,0.0,2.0,0.0,10.0,0.0,0.0,8.0,7.0,3.0,2.0,6.0,0.0,0.0,0.0,3.0,30,79,1.0,0.0,7.0,2.0,5.0,0.0,0.0,0.0,37,0.0,7,9,0.0,3.0,0.0,0.0,0.0,0.0
200901,1.528333333333333,474,8,70,108,44,31,4.0,22,16,0.0,286,8.0,8.0,21,1.0,11.0,11,1.0,2.0,113,30,2.0,42,0.0,13.0,293,2.0,0.0,1.0,231,18.0,362,341,7.0,5,134,60,207,0.0,0.0,2.0,0.0,2.0,72,101,78,8.0,1.0,0.0,89,128,5.0,21,0.0,0.0,33,2.0,0.0,19,47,0.0,0.0,15,48,0.0,0.0,0.0,0.0,37,2.0,2.0,0.0,0.0,15.0,0.0,0.0,28,55,43,0.0,18,1.0,0.0,88,0.0,1.0,0.0,11.0,3.0,0.0,1.0,0.0,34,8.0,0.0,0.0,0.0,0.0,0.0,11.0,1.0,0.0,19,0.0,0.0,0.0,0.0,1.0,0.0,1.0,0.0,1.0,11.0,3.0,2.0,1.0,2.0,0.0,0.0,1.0,10.0,50,134,2.0,3.0,20.0,0.0,32.0,1.0,0.0,8.0,137,4.0,12,28,1.0,0.0,0.0,0.0,0.0,0.0
200902,1.5231666666666668,309,9,93,109,62,12,5.0,23,10,0.0,261,5.0,6.0,12,1.0,8.0,9,1.0,1.0,76,53,2.0,39,1.0,12.0,241,16.0,0.0,0.0,232,6.0,313,285,75.0,7,164,41,159,1.0,0.0,0.0,0.0,0.0,92,66,69,2.0,0.0,0.0,123,188,7.0,24,0.0,0.0,56,6.0,0.0,30,42,0.0,0.0,14,46,3.0,0.0,0.0,0.0,39,0.0,0.0,0.0,0.0,1.0,0.0,0.0,45,54,39,0.0,17,3.0,0.0,71,2.0,3.0,0.0,4.0,5.0,0.0,6.0,0.0,26,1.0,0.0,0.0,0.0,0.0,0.0,5.0,0.0,1.0,27,0.0,0.0,0.0,0.0,2.0,5.0,1.0,0.0,4.0,24.0,2.0,1.0,2.0,11.0,0.0,2.0,1.0,11.0,37,113,1.0,0.0,6.0,9.0,6.0,0.0,0.0,4.0,54,2.0,8,5,10.0,0.0,0.0,0.0,0.0,0.0
200903,1.518,332,5,78,103,51,44,8.0,18,2,0.0,243,8.0,1.0,6,0.0,4.0,17,1.0,2.0,72,33,3.0,30,2.0,9.0,275,10.0,0.0,0.0,263,8.0,400,391,7.0,7,132,101,209,4.0,3.0,0.0,2.0,0.0,150,100,60,3.0,0.0,0.0,86,81,6.0,6,0.0,0.0,47,10.0,0.0,8,40,0.0,1.0,9,50,2.0,0.0,0.0,0.0,35,1.0,0.0,5.0,1.0,1.0,0.0,0.0,37,43,30,1.0,22,1.0,0.0,95,0.0,0.0,2.0,0.0,7.0,0.0,5.0,0.0,30,0.0,0.0,0.0,0.0,0.0,0.0,6.0,2.0,0.0,19,0.0,1.0,0.0,1.0,6.0,0.0,0.0,1.0,0.0,16.0,3.0,0.0,0.0,0.0,0.0,0.0,0.0,1.0,24,77,3.0,0.0,15.0,0.0,27.0,0.0,0.0,1.0,55,0.0,10,12,0.0,1.0,0.0,0.0,0.0,0.0
200904,1.5153333333333334,381,5,81,102,44,40,4.0,14,18,0.0,270,2.0,2.0,9,0.0,16.0,6,0.0,0.0,75,29,2.0,23,0.0,3.0,323,0.0,0.0,0.0,282,28.0,449,430,6.0,10,131,112,162,5.0,1.0,1.0,0.0,0.0,225,77,46,2.0,0.0,0.0,96,90,3.0,9,0.0,0.0,27,0.0,1.0,22,31,2.0,0.0,16,54,5.0,0.0,0.0,0.0,42,0.0,0.0,0.0,5.0,0.0,0.0,0.0,35,61,53,0.0,11,0.0,0.0,76,0.0,0.0,0.0,0.0,1.0,0.0,7.0,0.0,35,1.0,0.0,0.0,0.0,0.0,0.0,6.0,0.0,1.0,24,0.0,1.0,0.0,0.0,1.0,0.0,2.0,0.0,8.0,13.0,5.0,0.0,2.0,2.0,0.0,0.0,2.0,8.0,60,122,0.0,0.0,7.0,6.0,5.0,0.0,1.0,5.0,57,1.0,9,8,1.0,2.0,0.0,2.0,0.0,0.0
200905,1.5126666666666666,532,6,117,160,49,9,3.0,19,6,1.0,384,2.0,3.0,13,1.0,25.0,24,1.0,2.0,153,64,5.0,18,0.0,8.0,396,0.0,0.0,1.0,581,9.0,579,519,11.0,7,248,59,212,4.0,0.0,1.0,0.0,3.0,64,97,75,8.0,8.0,0.0,137,130,10.0,16,1.0,1.0,54,10.0,0.0,13,98,4.0,0.0,11,72,3.0,0.0,0.0,0.0,92,0.0,0.0,0.0,0.0,0.0,0.0,0.0,42,69,63,1.0,13,2.0,0.0,134,1.0,4.0,0.0,5.0,10.0,1.0,10.0,0.0,38,1.0,0.0,0.0,2.0,0.0,0.0,28.0,2.0,0.0,15,0.0,0.0,2.0,2.0,5.0,0.0,2.0,4.0,7.0,32.0,1.0,0.0,1.0,1.0,0.0,2.0,1.0,2.0,94,269,8.0,0.0,4.0,4.0,4.0,1.0,0.0,5.0,75,4.0,11,16,2.0,3.0,0.0,0.0,0.0,0.0
200906,1.51,379,7,72,98,47,15,3.0,23,8,0.0,247,4.0,3.0,12,0.0,0.0,11,0.0,4.0,67,28,7.0,16,0.0,11.0,313,0.0,0.0,0.0,261,6.0,655,598,6.0,2,134,59,199,5.0,0.0,1.0,2.0,0.0,53,61,70,12.0,1.0,1.0,83,69,6.0,11,0.0,0.0,24,3.0,0.0,11,64,0.0,0.0,13,68,0.0,2.0,0.0,0.0,42,0.0,0.0,0.0,0.0,1.0,0.0,0.0,43,81,49,0.0,28,0.0,0.0,91,0.0,0.0,0.0,1.0,9.0,0.0,6.0,0.0,30,1.0,0.0,0.0,0.0,0.0,0.0,6.0,1.0,0.0,14,0.0,0.0,1.0,0.0,5.0,0.0,6.0,0.0,2.0,26.0,2.0,0.0,8.0,0.0,0.0,0.0,0.0,1.0,29,92,7.0,0.0,8.0,0.0,6.0,2.0,0.0,2.0,74,1.0,8,10,0.0,2.0,0.0,0.0,0.0,0.0
200907,1.5073333333333334,250,7,93,104,33,22,2.0,8,3,4.0,174,0.0,0.0,4,0.0,1.0,7,0.0,1.0,80,35,1.0,5,0.0,3.0,188,0.0,0.0,0.0,231,5.0,403,383,16.0,4,139,30,125,0.0,0.0,0.0,2.0,0.0,23,63,30,0.0,0.0,1.0,75,68,1.0,9,1.0,0.0,44,2.0,0.0,5,38,0.0,0.0,14,46,0.0,0.0,0.0,0.0,55,1.0,0.0,0.0,0.0,1.0,0.0,0.0,35,28,25,1.0,6,0.0,0.0,70,0.0,0.0,0.0,0.0,3.0,0.0,3.0,0.0,19,0.0,0.0,1.0,0.0,0.0,0.0,17.0,1.0,0.0,5,0.0,0.0,0.0,0.0,1.0,0.0,5.0,0.0,2.0,10.0,2.0,0.0,0.0,2.0,0.0,0.0,2.0,4.0,31,76,0.0,0.0,6.0,5.0,3.0,10.0,0.0,4.0,80,0.0,14,14,4.0,4.0,0.0,0.0,0.0,0.0
200908,1.5046666666666666,439,12,110,127,37,16,12.0,44,17,1.0,299,1.0,4.0,13,0.0,9.0,21,1.0,0.0,99,36,3.0,15,3.0,10.0,397,0.0,0.0,0.0,348,17.0,587,561,6.0,22,264,47,288,2.0,1.0,5.0,1.0,1.0,176,85,61,10.0,0.0,1.0,128,111,6.0,27,0.0,1.0,58,2.0,0.0,11,68,3.0,1.0,8,72,1.0,0.0,0.0,0.0,53,0.0,0.0,0.0,0.0,3.0,0.0,0.0,105,67,57,0.0,25,0.0,0.0,81,0.0,0.0,0.0,2.0,10.0,0.0,15.0,0.0,32,0.0,0.0,0.0,0.0,0.0,0.0,21.0,1.0,0.0,9,0.0,2.0,0.0,0.0,3.0,0.0,1.0,0.0,0.0,11.0,3.0,3.0,5.0,2.0,0.0,0.0,2.0,7.0,53,116,6.0,0.0,5.0,3.0,5.0,3.0,0.0,14.0,71,2.0,15,18,3.0,2.0,0.0,0.0,0.0,0.0
200909,1.5019999999999998,398,17,60,131,49,23,16.0,27,7,0.0,320,5.0,0.0,10,1.0,1.0,19,0.0,0.0,103,39,0.0,18,0.0,7.0,274,0.0,0.0,5.0,287,6.0,499,490,2.0,7,240,96,287,1.0,1.0,2.0,9.0,6.0,170,85,72,10.0,0.0,1.0,114,162,0.0,10,0.0,1.0,62,11.0,0.0,18,71,1.0,0.0,20,66,1.0,0.0,0.0,0.0,32,0.0,0.0,0.0,0.0,2.0,0.0,0.0,64,74,74,0.0,9,2.0,0.0,113,0.0,0.0,0.0,2.0,3.0,0.0,4.0,0.0,53,1.0,0.0,0.0,2.0,0.0,0.0,6.0,0.0,1.0,12,0.0,0.0,0.0,1.0,5.0,1.0,0.0,0.0,3.0,13.0,1.0,0.0,1.0,23.0,0.0,0.0,9.0,10.0,55,145,5.0,4.0,9.0,10.0,9.0,1.0,0.0,6.0,118,5.0,18,22,0.0,2.0,0.0,0.0,0.0,0.0
200910,1.4993333333333334,495,8,109,169,65,13,7.0,16,12,0.0,350,10.0,12.0,16,3.0,3.0,24,2.0,0.0,163,45,5.0,32,0.0,10.0,486,16.0,0.0,0.0,976,25.0,632,599,108.0,10,355,91,255,6.0,0.0,0.0,2.0,1.0,279,106,62,36.0,0.0,2.0,132,141,5.0,70,5.0,0.0,101,7.0,0.0,7,62,0.0,4.0,9,71,3.0,0.0,0.0,0.0,62,2.0,0.0,0.0,3.0,2.0,2.0,0.0,76,68,70,0.0,15,1.0,0.0,197,0.0,3.0,0.0,5.0,10.0,0.0,7.0,1.0,24,1.0,0.0,0.0,1.0,0.0,0.0,1.0,1.0,0.0,10,0.0,4.0,0.0,2.0,8.0,0.0,1.0,0.0,8.0,12.0,5.0,0.0,2.0,1.0,0.0,0.0,8.0,3.0,46,198,8.0,0.0,7.0,16.0,5.0,8.0,0.0,2.0,118,0.0,27,29,2.0,1.0,0.0,0.0,0.0,0.0
200911,1.4966666666666666,480,14,129,132,46,17,18.0,56,8,0.0,383,5.0,6.0,23,0.0,8.0,52,2.0,2.0,143,43,3.0,30,1.0,15.0,1119,7.0,0.0,0.0,1289,12.0,1052,1021,33.0,7,632,169,302,1.0,0.0,2.0,3.0,0.0,125,101,96,16.0,0.0,2.0,98,98,11.0,11,1.0,0.0,58,0.0,0.0,11,61,0.0,1.0,7,68,0.0,0.0,0.0,0.0,69,2.0,0.0,4.0,2.0,0.0,1.0,0.0,77,59,64,0.0,19,0.0,1.0,126,0.0,0.0,0.0,2.0,13.0,0.0,6.0,0.0,42,1.0,0.0,2.0,0.0,0.0,0.0,2.0,1.0,0.0,15,0.0,2.0,2.0,0.0,4.0,0.0,6.0,1.0,4.0,16.0,1.0,0.0,3.0,9.0,0.0,0.0,0.0,2.0,39,99,4.0,0.0,9.0,2.0,1.0,3.0,0.0,9.0,76,0.0,11,27,7.0,2.0,0.0,0.0,2.0,0.0
200912,1.494,356,7,95,99,47,21,4.0,13,4,0.0,347,10.0,4.0,10,0.0,8.0,16,1.0,0.0,88,45,6.0,35,0.0,6.0,229,0.0,0.0,0.0,258,13.0,414,389,7.0,14,143,91,219,3.0,4.0,1.0,9.0,2.0,141,85,77,8.0,0.0,2.0,80,159,5.0,12,0.0,1.0,38,7.0,0.0,7,68,0.0,0.0,11,62,1.0,0.0,0.0,0.0,50,0.0,0.0,0.0,1.0,1.0,0.0,0.0,96,51,71,0.0,16,2.0,0.0,80,0.0,0.0,0.0,0.0,9.0,1.0,10.0,0.0,28,0.0,0.0,0.0,0.0,0.0,0.0,12.0,3.0,0.0,23,0.0,1.0,0.0,2.0,7.0,1.0,0.0,0.0,0.0,10.0,1.0,0.0,2.0,6.0,0.0,0.0,0.0,18.0,60,115,21.0,0.0,8.0,6.0,2.0,2.0,0.0,9.0,62,0.0,18,28,0.0,1.0,0.0,0.0,0.0,0.0
201001,1.4913333333333334,383,13,76,113,52,24,8.0,18,14,0.0,289,12.0,9.0,18,0.0,5.0,16,3.0,1.0,107,48,0.0,30,0.0,5.0,317,4.0,0.0,0.0,334,7.0,466,411,3.0,6,162,81,240,3.0,0.0,3.0,2.0,0.0,173,59,107,6.0,0.0,1.0,76,94,1.0,25,0.0,1.0,53,6.0,0.0,21,76,0.0,0.0,12,87,0.0,1.0,0.0,0.0,78,0.0,0.0,0.0,1.0,0.0,1.0,0.0,58,75,52,2.0,21,0.0,0.0,92,0.0,0.0,1.0,2.0,5.0,0.0,6.0,0.0,20,3.0,0.0,0.0,0.0,0.0,0.0,11.0,5.0,3.0,21,0.0,3.0,0.0,3.0,1.0,0.0,0.0,0.0,0.0,24.0,4.0,3.0,1.0,7.0,0.0,0.0,11.0,3.0,36,188,2.0,0.0,4.0,2.0,10.0,1.0,0.0,3.0,63,1.0,23,18,1.0,0.0,0.0,0.0,0.0,0.0
201002,1.4886666666666666,413,12,95,150,57,14,18.0,17,5,0.0,311,15.0,2.0,9,0.0,10.0,14,3.0,1.0,68,64,0.0,23,0.0,5.0,228,2.0,0.0,0.0,214,13.0,453,413,3.0,6,110,41,270,8.0,0.0,0.0,9.0,1.0,101,64,67,14.0,0.0,0.0,76,133,1.0,20,0.0,2.0,62,28.0,0.0,11,73,1.0,1.0,9,78,1.0,0.0,0.0,0.0,40,1.0,0.0,0.0,1.0,0.0,0.0,0.0,63,80,75,0.0,13,2.0,0.0,80,0.0,1.0,0.0,3.0,5.0,0.0,7.0,0.0,30,0.0,0.0,3.0,0.0,0.0,0.0,1.0,1.0,0.0,20,0.0,1.0,0.0,0.0,2.0,1.0,1.0,2.0,1.0,12.0,5.0,0.0,0.0,1.0,0.0,1.0,2.0,11.0,52,174,7.0,0.0,7.0,2.0,4.0,0.0,0.0,3.0,47,2.0,10,17,0.0,2.0,0.0,0.0,0.0,0.0
201003,1.486,170,2,34,60,9,5,10.0,8,3,0.0,94,3.0,3.0,3,0.0,4.0,5,0.0,0.0,25,11,2.0,6,0.0,7.0,114,0.0,0.0,3.0,204,9.0,204,184,1.0,6,38,10,78,0.0,0.0,0.0,2.0,2.0,28,29,48,9.0,0.0,2.0,36,39,2.0,6,0.0,0.0,26,4.0,0.0,4,14,0.0,0.0,2,18,0.0,0.0,0.0,0.0,16,0.0,0.0,0.0,0.0,0.0,0.0,0.0,16,30,18,1.0,6,1.0,0.0,31,0.0,0.0,0.0,3.0,1.0,0.0,1.0,0.0,16,0.0,0.0,0.0,0.0,0.0,0.0,38.0,2.0,0.0,15,0.0,3.0,0.0,0.0,15.0,0.0,1.0,0.0,2.0,0.0,4.0,0.0,3.0,0.0,0.0,2.0,1.0,1.0,25,40,2.0,0.0,12.0,1.0,8.0,1.0,0.0,3.0,40,2.0,1,3,0.0,0.0,0.0,0.0,0.0,0.0
201004,1.4839166666666666,301,3,65,88,34,13,3.0,12,12,0.0,175,4.0,0.0,10,6.0,6.0,10,4.0,0.0,46,47,4.0,11,0.0,4.0,191,0.0,0.0,0.0,218,10.0,338,296,27.0,7,103,69,142,0.0,0.0,0.0,2.0,1.0,69,67,33,2.0,3.0,0.0,49,57,1.0,2,0.0,0.0,47,12.0,0.0,13,27,0.0,1.0,4,35,1.0,0.0,0.0,0.0,58,1.0,0.0,1.0,5.0,3.0,0.0,0.0,37,49,42,2.0,13,0.0,0.0,49,0.0,0.0,1.0,4.0,1.0,0.0,2.0,0.0,18,1.0,0.0,0.0,0.0,0.0,1.0,0.0,0.0,0.0,9,0.0,0.0,0.0,0.0,4.0,0.0,0.0,2.0,5.0,27.0,4.0,0.0,1.0,1.0,0.0,0.0,0.0,0.0,26,68,1.0,0.0,4.0,0.0,5.0,0.0,0.0,1.0,41,1.0,10,5,1.0,1.0,0.0,0.0,0.0,0.0
201005,1.4818333333333331,240,9,67,54,32,18,1.0,19,15,0.0,169,0.0,2.0,10,0.0,3.0,5,0.0,0.0,46,13,8.0,13,0.0,1.0,143,0.0,0.0,0.0,195,5.0,216,198,0.0,5,100,38,95,0.0,1.0,8.0,1.0,0.0,67,50,37,9.0,0.0,0.0,58,52,1.0,4,0.0,0.0,31,3.0,0.0,5,44,0.0,1.0,6,31,1.0,0.0,0.0,0.0,24,1.0,0.0,0.0,1.0,0.0,0.0,0.0,31,34,33,0.0,8,3.0,0.0,34,0.0,0.0,0.0,8.0,0.0,2.0,8.0,0.0,22,0.0,0.0,0.0,3.0,0.0,0.0,5.0,0.0,0.0,5,0.0,3.0,0.0,0.0,3.0,0.0,0.0,0.0,1.0,15.0,2.0,0.0,4.0,2.0,0.0,0.0,0.0,5.0,20,68,2.0,0.0,6.0,0.0,2.0,0.0,1.0,5.0,38,2.0,6,10,0.0,0.0,0.0,0.0,0.0,2.0
201006,1.47975,264,12,38,55,14,26,3.0,6,1,0.0,145,5.0,7.0,5,1.0,10.0,5,0.0,0.0,36,23,2.0,9,0.0,1.0,161,0.0,0.0,0.0,169,23.0,230,187,3.0,5,123,16,100,0.0,0.0,1.0,7.0,0.0,44,54,32,5.0,0.0,4.0,48,54,3.0,4,0.0,0.0,27,2.0,0.0,8,29,0.0,0.0,6,56,2.0,0.0,0.0,0.0,36,0.0,0.0,0.0,0.0,1.0,0.0,0.0,17,41,29,0.0,6,2.0,0.0,48,0.0,0.0,0.0,0.0,1.0,0.0,7.0,0.0,17,1.0,0.0,0.0,0.0,0.0,0.0,5.0,0.0,0.0,1,0.0,0.0,0.0,1.0,2.0,0.0,0.0,0.0,1.0,4.0,1.0,0.0,0.0,2.0,0.0,0.0,0.0,40.0,26,79,3.0,2.0,5.0,1.0,2.0,1.0,0.0,1.0,35,1.0,5,2,0.0,0.0,0.0,0.0,0.0,0.0
201007,1.477666666666667,248,2,50,58,14,7,3.0,14,1,0.0,175,2.0,6.0,6,0.0,9.0,4,0.0,1.0,42,18,1.0,17,0.0,2.0,219,0.0,0.0,0.0,203,3.0,231,216,4.0,6,148,209,133,3.0,0.0,0.0,7.0,0.0,56,48,53,1.0,0.0,0.0,55,100,1.0,1,0.0,1.0,22,8.0,0.0,13,52,0.0,1.0,3,49,1.0,0.0,0.0,0.0,22,0.0,0.0,0.0,11.0,0.0,0.0,0.0,28,35,41,0.0,16,1.0,0.0,51,0.0,0.0,0.0,7.0,3.0,0.0,9.0,1.0,35,0.0,0.0,0.0,0.0,0.0,0.0,11.0,10.0,0.0,7,0.0,3.0,0.0,1.0,5.0,0.0,1.0,0.0,0.0,5.0,11.0,0.0,12.0,0.0,0.0,0.0,1.0,19.0,52,151,3.0,4.0,1.0,1.0,1.0,0.0,0.0,1.0,42,1.0,13,6,0.0,0.0,0.0,0.0,0.0,0.0
201008,1.4755833333333332,482,7,86,128,46,35,28.0,46,16,0.0,348,3.0,1.0,20,1.0,37.0,15,0.0,0.0,78,85,0.0,25,0.0,11.0,327,4.0,0.0,1.0,341,14.0,459,446,3.0,18,209,51,292,9.0,3.0,3.0,10.0,3.0,146,141,98,10.0,0.0,7.0,95,183,3.0,22,0.0,3.0,68,10.0,0.0,9,60,1.0,0.0,7,89,0.0,0.0,0.0,0.0,64,0.0,0.0,0.0,3.0,0.0,0.0,0.0,66,84,94,0.0,22,6.0,3.0,113,0.0,3.0,0.0,6.0,5.0,0.0,18.0,0.0,36,1.0,0.0,0.0,0.0,0.0,1.0,3.0,3.0,1.0,5,0.0,0.0,0.0,0.0,0.0,0.0,1.0,1.0,8.0,13.0,5.0,0.0,6.0,3.0,0.0,0.0,0.0,27.0,68,173,0.0,2.0,9.0,0.0,7.0,5.0,0.0,3.0,63,0.0,24,16,0.0,0.0,0.0,0.0,1.0,0.0
201009,1.4735,428,16,85,128,38,14,3.0,43,4,3.0,406,3.0,8.0,19,3.0,3.0,20,3.0,4.0,123,84,2.0,22,0.0,9.0,409,0.0,0.0,1.0,452,18.0,573,566,5.0,26,295,93,332,3.0,1.0,0.0,9.0,0.0,88,70,80,4.0,5.0,0.0,148,168,4.0,10,0.0,5.0,78,12.0,1.0,8,115,0.0,0.0,6,93,1.0,0.0,0.0,0.0,48,0.0,0.0,0.0,2.0,10.0,0.0,0.0,101,61,44,0.0,15,1.0,0.0,101,0.0,0.0,0.0,1.0,6.0,0.0,13.0,0.0,34,0.0,0.0,0.0,0.0,0.0,0.0,9.0,1.0,0.0,23,0.0,1.0,0.0,0.0,0.0,0.0,0.0,0.0,9.0,17.0,1.0,1.0,1.0,0.0,0.0,0.0,3.0,5.0,69,185,9.0,0.0,3.0,0.0,6.0,0.0,0.0,1.0,69,1.0,18,8,1.0,2.0,0.0,0.0,0.0,0.0
201010,1.4714166666666666,404,1,74,108,56,19,11.0,41,49,0.0,312,4.0,3.0,12,1.0,8.0,13,1.0,0.0,57,62,0.0,35,0.0,11.0,322,0.0,0.0,4.0,291,6.0,444,409,9.0,19,150,77,264,5.0,0.0,5.0,4.0,0.0,86,114,56,0.0,0.0,2.0,74,154,2.0,6,0.0,0.0,42,6.0,0.0,12,55,0.0,0.0,4,61,1.0,0.0,0.0,0.0,35,0.0,0.0,1.0,4.0,0.0,0.0,0.0,76,46,56,0.0,26,0.0,0.0,66,0.0,0.0,0.0,0.0,3.0,0.0,3.0,3.0,36,0.0,0.0,0.0,0.0,0.0,0.0,4.0,1.0,1.0,8,0.0,2.0,0.0,1.0,2.0,0.0,1.0,0.0,3.0,5.0,12.0,0.0,1.0,6.0,0.0,0.0,0.0,15.0,53,125,4.0,0.0,3.0,3.0,7.0,0.0,0.0,0.0,68,5.0,11,16,0.0,0.0,0.0,0.0,0.0,0.0
201011,1.4693333333333332,836,43,148,230,79,34,10.0,44,14,3.0,486,14.0,3.0,9,4.0,13.0,17,1.0,0.0,162,46,9.0,67,0.0,14.0,405,0.0,0.0,11.0,435,10.0,1049,1027,10.0,15,291,156,389,5.0,2.0,3.0,22.0,0.0,186,246,73,14.0,0.0,0.0,86,126,15.0,21,0.0,0.0,84,16.0,0.0,10,154,0.0,0.0,26,294,2.0,0.0,0.0,0.0,85,0.0,0.0,2.0,0.0,2.0,0.0,0.0,136,156,127,0.0,21,6.0,0.0,136,0.0,1.0,0.0,6.0,4.0,1.0,8.0,0.0,56,2.0,0.0,1.0,0.0,0.0,0.0,3.0,1.0,1.0,16,0.0,6.0,0.0,1.0,4.0,0.0,0.0,0.0,9.0,106.0,7.0,0.0,1.0,1.0,0.0,0.0,1.0,11.0,86,329,5.0,0.0,16.0,5.0,11.0,9.0,0.0,9.0,106,3.0,14,40,5.0,16.0,0.0,0.0,0.0,0.0
201012,1.46725,534,12,68,153,32,30,3.0,19,8,4.0,261,3.0,0.0,12,0.0,4.0,17,0.0,1.0,100,41,4.0,25,0.0,11.0,253,0.0,0.0,0.0,300,17.0,477,440,8.0,21,220,150,263,1.0,0.0,0.0,2.0,0.0,90,100,82,15.0,0.0,2.0,95,125,6.0,20,0.0,1.0,42,8.0,0.0,3,55,0.0,2.0,10,96,1.0,0.0,0.0,0.0,51,3.0,0.0,1.0,0.0,2.0,0.0,0.0,58,84,88,4.0,32,8.0,0.0,102,0.0,1.0,0.0,4.0,20.0,0.0,19.0,0.0,31,1.0,0.0,1.0,0.0,0.0,0.0,5.0,1.0,0.0,19,0.0,1.0,0.0,1.0,2.0,0.0,0.0,1.0,5.0,26.0,4.0,0.0,0.0,10.0,0.0,2.0,0.0,15.0,33,141,0.0,1.0,4.0,2.0,7.0,2.0,0.0,0.0,53,1.0,17,25,0.0,0.0,0.0,0.0,0.0,1.0
201101,1.4651666666666665,438,5,67,101,43,22,8.0,12,10,0.0,277,3.0,4.0,4,4.0,3.0,11,1.0,0.0,51,32,7.0,32,0.0,11.0,218,4.0,0.0,0.0,207,3.0,402,385,1.0,49,100,38,199,1.0,2.0,4.0,1.0,0.0,124,102,69,0.0,0.0,1.0,83,104,3.0,8,1.0,2.0,33,1.0,0.0,15,95,0.0,0.0,2,51,1.0,1.0,0.0,0.0,23,1.0,0.0,0.0,2.0,1.0,0.0,0.0,46,45,49,2.0,16,8.0,0.0,72,0.0,0.0,0.0,1.0,4.0,0.0,11.0,0.0,18,0.0,0.0,0.0,0.0,0.0,0.0,1.0,2.0,0.0,8,0.0,1.0,0.0,1.0,1.0,0.0,0.0,1.0,2.0,23.0,0.0,1.0,1.0,0.0,0.0,0.0,0.0,8.0,32,105,0.0,0.0,0.0,3.0,11.0,3.0,0.0,5.0,53,0.0,13,23,1.0,0.0,0.0,0.0,0.0,0.0
201102,1.4630833333333333,624,9,138,124,44,40,20.0,35,3,4.0,456,4.0,10.0,7,4.0,19.0,17,3.0,1.0,150,52,8.0,26,0.0,21.0,364,1.0,1.0,2.0,356,15.0,814,695,5.0,23,181,44,355,6.0,0.0,5.0,3.0,1.0,82,140,83,19.0,2.0,3.0,99,151,25.0,42,3.0,0.0,83,9.0,0.0,29,106,0.0,2.0,15,197,1.0,6.0,0.0,0.0,77,2.0,0.0,1.0,6.0,3.0,0.0,0.0,143,112,109,0.0,34,3.0,0.0,107,0.0,1.0,0.0,3.0,6.0,4.0,5.0,0.0,59,2.0,1.0,1.0,0.0,0.0,0.0,16.0,5.0,10.0,71,0.0,3.0,3.0,3.0,14.0,1.0,1.0,2.0,4.0,59.0,11.0,1.0,2.0,4.0,0.0,0.0,3.0,20.0,55,174,5.0,7.0,21.0,16.0,13.0,20.0,0.0,4.0,194,48.0,29,57,7.0,2.0,0.0,0.0,0.0,0.0
201103,1.461,620,12,125,145,72,30,11.0,20,6,1.0,453,20.0,5.0,17,0.0,15.0,12,0.0,0.0,182,55,5.0,34,0.0,15.0,494,0.0,0.0,2.0,376,9.0,707,689,2.0,30,173,211,312,4.0,5.0,1.0,2.0,2.0,68,111,160,30.0,0.0,1.0,99,191,8.0,60,1.0,2.0,75,5.0,1.0,34,76,1.0,2.0,16,143,1.0,0.0,0.0,0.0,69,9.0,0.0,1.0,3.0,0.0,0.0,0.0,95,98,47,0.0,25,2.0,5.0,111,4.0,0.0,0.0,10.0,9.0,2.0,9.0,0.0,47,2.0,0.0,0.0,0.0,0.0,0.0,12.0,4.0,4.0,27,0.0,2.0,0.0,1.0,4.0,2.0,0.0,2.0,12.0,53.0,5.0,2.0,21.0,0.0,0.0,1.0,1.0,4.0,51,133,2.0,2.0,11.0,3.0,4.0,3.0,0.0,6.0,93,6.0,11,12,6.0,10.0,0.0,0.0,0.0,0.0
201104,1.4593333333333331,679,18,166,145,79,19,10.0,45,5,0.0,575,7.0,15.0,21,2.0,35.0,19,1.0,0.0,156,64,8.0,36,0.0,9.0,322,9.0,0.0,0.0,406,3.0,593,553,4.0,13,299,51,354,6.0,0.0,2.0,4.0,2.0,116,142,111,5.0,0.0,2.0,108,221,6.0,21,0.0,0.0,52,12.0,1.0,18,107,0.0,0.0,27,116,5.0,0.0,0.0,0.0,84,2.0,0.0,0.0,5.0,1.0,0.0,0.0,375,109,74,0.0,24,0.0,0.0,176,6.0,0.0,0.0,10.0,6.0,3.0,6.0,0.0,67,8.0,0.0,1.0,1.0,0.0,0.0,6.0,1.0,1.0,30,0.0,4.0,0.0,0.0,2.0,0.0,0.0,0.0,6.0,13.0,0.0,0.0,6.0,5.0,0.0,2.0,0.0,6.0,72,147,1.0,1.0,6.0,2.0,12.0,3.0,0.0,6.0,117,1.0,14,21,1.0,1.0,0.0,0.0,1.0,0.0
201105,1.4576666666666664,606,20,120,173,134,29,5.0,32,10,1.0,518,4.0,12.0,9,5.0,14.0,17,0.0,0.0,108,53,5.0,28,4.0,13.0,400,0.0,0.0,0.0,450,17.0,675,617,12.0,11,177,57,463,5.0,3.0,1.0,27.0,3.0,96,146,43,9.0,0.0,0.0,100,203,0.0,21,0.0,2.0,82,5.0,0.0,70,121,0.0,0.0,15,110,0.0,0.0,0.0,0.0,80,1.0,0.0,1.0,5.0,0.0,0.0,0.0,306,103,101,0.0,27,4.0,4.0,130,1.0,1.0,0.0,30.0,10.0,0.0,9.0,0.0,62,0.0,0.0,0.0,3.0,0.0,0.0,7.0,0.0,2.0,18,0.0,3.0,0.0,2.0,10.0,7.0,4.0,0.0,3.0,21.0,7.0,2.0,4.0,2.0,0.0,0.0,0.0,1.0,52,206,4.0,0.0,17.0,22.0,17.0,0.0,1.0,5.0,115,0.0,18,14,2.0,5.0,0.0,0.0,0.0,1.0
201106,1.456,701,4,117,202,83,18,24.0,19,10,1.0,459,5.0,5.0,10,1.0,15.0,28,7.0,0.0,155,60,1.0,29,1.0,38.0,453,14.0,0.0,4.0,533,13.0,808,770,18.0,14,290,83,353,2.0,0.0,3.0,2.0,0.0,135,115,72,11.0,1.0,1.0,85,144,10.0,34,0.0,0.0,67,10.0,2.0,31,88,0.0,2.0,12,120,4.0,0.0,0.0,0.0,67,0.0,0.0,1.0,3.0,0.0,0.0,0.0,90,116,89,0.0,25,2.0,0.0,127,0.0,1.0,0.0,3.0,10.0,4.0,10.0,1.0,64,1.0,0.0,7.0,0.0,0.0,0.0,23.0,2.0,5.0,36,0.0,2.0,1.0,5.0,14.0,2.0,0.0,2.0,4.0,20.0,2.0,0.0,7.0,7.0,0.0,2.0,0.0,9.0,76,156,5.0,0.0,15.0,3.0,5.0,0.0,0.0,8.0,92,2.0,23,15,0.0,31.0,0.0,0.0,0.0,0.0
201107,1.4543333333333333,568,8,106,150,76,34,8.0,30,10,1.0,416,9.0,3.0,32,0.0,15.0,20,0.0,0.0,124,56,4.0,19,0.0,14.0,518,0.0,0.0,0.0,434,12.0,655,620,6.0,20,230,57,341,4.0,0.0,3.0,1.0,1.0,108,114,86,11.0,15.0,0.0,80,152,5.0,24,2.0,2.0,66,31.0,0.0,22,156,0.0,3.0,10,90,0.0,0.0,0.0,0.0,58,3.0,0.0,0.0,0.0,2.0,0.0,0.0,89,123,97,0.0,21,1.0,0.0,101,0.0,0.0,1.0,5.0,5.0,1.0,14.0,1.0,40,0.0,0.0,0.0,0.0,0.0,0.0,4.0,1.0,3.0,16,0.0,1.0,0.0,0.0,2.0,0.0,0.0,1.0,4.0,29.0,6.0,1.0,0.0,8.0,0.0,3.0,0.0,10.0,89,200,13.0,0.0,12.0,11.0,10.0,1.0,0.0,5.0,95,4.0,19,24,0.0,2.0,0.0,0.0,0.0,0.0
201108,1.4526666666666666,586,7,142,138,101,21,15.0,48,9,3.0,501,4.0,7.0,7,0.0,2.0,9,2.0,3.0,116,58,0.0,33,2.0,6.0,322,2.0,0.0,0.0,354,11.0,490,476,11.0,16,169,41,463,13.0,2.0,0.0,15.0,0.0,115,140,84,0.0,1.0,2.0,104,165,6.0,14,0.0,1.0,91,10.0,0.0,21,92,0.0,0.0,18,78,5.0,0.0,0.0,0.0,118,1.0,0.0,0.0,1.0,1.0,0.0,0.0,151,104,67,0.0,28,2.0,0.0,141,0.0,1.0,0.0,2.0,6.0,1.0,10.0,30.0,57,0.0,0.0,0.0,0.0,0.0,0.0,5.0,0.0,0.0,36,0.0,1.0,0.0,4.0,7.0,0.0,0.0,0.0,7.0,14.0,2.0,0.0,0.0,1.0,0.0,1.0,1.0,11.0,67,156,3.0,0.0,9.0,6.0,4.0,0.0,0.0,6.0,59,3.0,27,11,4.0,0.0,0.0,0.0,0.0,0.0
201109,1.4509999999999998,583,20,107,165,71,13,20.0,39,10,0.0,415,5.0,6.0,15,4.0,0.0,17,1.0,0.0,93,65,5.0,26,0.0,15.0,395,0.0,0.0,0.0,436,10.0,581,544,40.0,28,232,55,297,2.0,2.0,2.0,13.0,0.0,127,120,116,12.0,5.0,0.0,99,159,7.0,12,0.0,0.0,57,6.0,0.0,31,83,2.0,0.0,15,88,0.0,0.0,0.0,0.0,74,2.0,0.0,0.0,0.0,1.0,0.0,0.0,87,105,63,3.0,27,1.0,0.0,120,0.0,4.0,0.0,11.0,7.0,1.0,14.0,12.0,61,1.0,0.0,0.0,0.0,0.0,0.0,2.0,0.0,0.0,14,0.0,2.0,0.0,6.0,17.0,4.0,1.0,2.0,2.0,24.0,0.0,2.0,1.0,2.0,0.0,1.0,0.0,6.0,48,233,2.0,0.0,7.0,3.0,8.0,1.0,0.0,12.0,103,1.0,21,18,3.0,1.0,0.0,0.0,0.0,0.0
201110,1.4493333333333331,440,7,70,120,39,21,15.0,14,9,4.0,351,21.0,7.0,9,0.0,8.0,17,0.0,0.0,130,48,3.0,32,0.0,12.0,253,1.0,0.0,0.0,296,5.0,506,478,2.0,15,166,33,279,3.0,1.0,0.0,0.0,0.0,60,104,56,4.0,0.0,1.0,78,111,7.0,26,0.0,1.0,36,3.0,0.0,21,52,1.0,1.0,7,80,1.0,0.0,0.0,0.0,59,3.0,0.0,1.0,4.0,0.0,0.0,0.0,73,62,77,0.0,17,1.0,0.0,77,0.0,0.0,0.0,1.0,2.0,2.0,19.0,1.0,24,0.0,0.0,1.0,0.0,0.0,0.0,2.0,0.0,1.0,19,0.0,0.0,0.0,1.0,10.0,0.0,1.0,0.0,7.0,21.0,13.0,0.0,2.0,1.0,0.0,0.0,0.0,12.0,43,112,3.0,0.0,8.0,2.0,8.0,0.0,0.0,9.0,66,0.0,8,12,3.0,0.0,0.0,0.0,0.0,0.0
201111,1.4476666666666664,493,4,98,134,47,15,6.0,30,2,0.0,394,7.0,1.0,22,5.0,9.0,17,2.0,2.0,88,49,1.0,29,0.0,10.0,444,0.0,0.0,1.0,458,4.0,701,749,86.0,26,171,103,299,3.0,0.0,0.0,3.0,0.0,165,98,80,5.0,3.0,2.0,106,137,2.0,5,0.0,1.0,57,8.0,0.0,16,73,0.0,0.0,14,58,0.0,0.0,0.0,0.0,65,0.0,0.0,0.0,2.0,0.0,0.0,0.0,46,59,70,0.0,28,6.0,0.0,108,0.0,3.0,1.0,2.0,6.0,0.0,12.0,1.0,53,1.0,0.0,0.0,0.0,0.0,2.0,5.0,3.0,0.0,29,0.0,2.0,0.0,1.0,6.0,1.0,6.0,0.0,8.0,20.0,12.0,0.0,1.0,4.0,0.0,0.0,2.0,2.0,59,164,4.0,0.0,15.0,1.0,9.0,4.0,0.0,3.0,47,2.0,12,29,1.0,1.0,0.0,0.0,0.0,0.0
201112,1.4459999999999995,270,13,66,70,32,5,13.0,17,10,0.0,241,9.0,10.0,5,2.0,5.0,6,0.0,0.0,89,30,1.0,26,0.0,5.0,226,1.0,0.0,0.0,195,2.0,355,360,8.0,11,110,53,193,0.0,0.0,3.0,7.0,0.0,40,72,43,1.0,0.0,1.0,67,102,5.0,17,1.0,0.0,44,10.0,0.0,9,66,0.0,0.0,10,58,0.0,0.0,0.0,0.0,52,1.0,0.0,1.0,3.0,0.0,0.0,0.0,65,29,49,3.0,8,3.0,0.0,65,0.0,0.0,0.0,2.0,1.0,0.0,8.0,0.0,25,1.0,0.0,1.0,0.0,0.0,0.0,1.0,0.0,0.0,28,0.0,1.0,0.0,0.0,8.0,0.0,4.0,1.0,4.0,2.0,0.0,0.0,1.0,1.0,0.0,0.0,4.0,7.0,25,110,4.0,0.0,4.0,3.0,11.0,0.0,0.0,1.0,46,1.0,5,12,0.0,2.0,0.0,0.0,1.0,0.0
201201,1.4443333333333332,424,16,88,114,39,16,19.0,20,5,3.0,421,3.0,1.0,23,4.0,10.0,5,1.0,0.0,81,51,4.0,28,0.0,6.0,278,0.0,0.0,2.0,268,20.0,540,518,4.0,22,124,85,288,2.0,1.0,2.0,1.0,1.0,159,76,60,1.0,1.0,0.0,91,148,6.0,24,0.0,1.0,45,13.0,3.0,12,54,1.0,1.0,21,142,0.0,0.0,0.0,0.0,58,3.0,0.0,4.0,2.0,0.0,0.0,0.0,56,43,56,0.0,35,1.0,0.0,92,0.0,0.0,0.0,0.0,6.0,1.0,15.0,1.0,56,1.0,0.0,2.0,0.0,0.0,0.0,5.0,6.0,1.0,12,0.0,0.0,0.0,2.0,8.0,0.0,1.0,1.0,1.0,9.0,3.0,1.0,13.0,0.0,0.0,1.0,0.0,6.0,46,161,0.0,2.0,8.0,4.0,1.0,0.0,0.0,7.0,68,2.0,18,22,1.0,1.0,0.0,0.0,0.0,0.0
201202,1.4426666666666663,651,13,114,162,90,31,30.0,39,4,2.0,487,8.0,6.0,13,5.0,10.0,24,1.0,1.0,144,51,4.0,69,0.0,21.0,418,3.0,0.0,3.0,441,21.0,650,598,14.0,30,260,114,360,3.0,0.0,2.0,9.0,0.0,225,107,129,21.0,0.0,2.0,131,145,15.0,9,6.0,0.0,80,5.0,3.0,9,61,2.0,1.0,13,110,1.0,0.0,0.0,0.0,87,2.0,0.0,0.0,1.0,0.0,0.0,0.0,84,89,93,0.0,27,4.0,0.0,120,0.0,0.0,0.0,3.0,6.0,0.0,14.0,0.0,69,3.0,0.0,1.0,0.0,0.0,0.0,18.0,11.0,0.0,45,0.0,0.0,0.0,1.0,13.0,1.0,0.0,1.0,7.0,37.0,1.0,1.0,11.0,4.0,0.0,0.0,3.0,6.0,55,167,11.0,1.0,5.0,3.0,13.0,7.0,0.0,5.0,183,2.0,17,44,8.0,8.0,0.0,0.0,2.0,0.0
201203,1.4409999999999998,555,13,105,127,88,34,6.0,29,28,1.0,496,6.0,12.0,21,4.0,5.0,31,0.0,0.0,70,68,9.0,37,0.0,10.0,498,0.0,0.0,0.0,454,22.0,637,602,18.0,28,210,99,390,0.0,1.0,6.0,6.0,1.0,140,196,92,2.0,1.0,2.0,91,191,5.0,10,0.0,0.0,60,0.0,2.0,38,68,0.0,1.0,20,108,0.0,0.0,0.0,0.0,59,2.0,0.0,0.0,2.0,0.0,0.0,0.0,67,66,55,2.0,25,1.0,0.0,111,0.0,1.0,0.0,1.0,3.0,0.0,10.0,1.0,74,6.0,0.0,3.0,2.0,0.0,0.0,7.0,2.0,0.0,24,0.0,3.0,0.0,0.0,51.0,5.0,1.0,0.0,2.0,32.0,3.0,0.0,3.0,11.0,0.0,0.0,0.0,2.0,64,167,6.0,0.0,13.0,9.0,18.0,1.0,0.0,3.0,99,5.0,22,18,1.0,0.0,0.0,0.0,0.0,0.0
201204,1.4421666666666666,531,10,101,122,59,23,14.0,36,10,6.0,394,9.0,3.0,5,7.0,2.0,26,0.0,0.0,82,52,4.0,17,0.0,11.0,442,28.0,0.0,0.0,340,9.0,600,607,13.0,26,236,51,311,4.0,0.0,3.0,7.0,0.0,53,96,70,2.0,0.0,0.0,86,135,6.0,12,0.0,0.0,57,17.0,0.0,17,77,3.0,0.0,26,90,0.0,0.0,0.0,0.0,54,1.0,0.0,0.0,0.0,3.0,0.0,0.0,83,87,69,0.0,44,1.0,0.0,136,0.0,1.0,0.0,0.0,20.0,1.0,13.0,0.0,48,0.0,0.0,1.0,0.0,0.0,0.0,6.0,2.0,0.0,27,0.0,1.0,2.0,0.0,10.0,0.0,0.0,0.0,3.0,22.0,2.0,1.0,2.0,2.0,0.0,0.0,0.0,13.0,83,178,2.0,1.0,17.0,5.0,4.0,1.0,1.0,8.0,75,3.0,8,10,0.0,0.0,0.0,0.0,0.0,0.0
201205,1.4433333333333331,610,18,101,120,79,16,21.0,31,14,5.0,420,15.0,8.0,14,2.0,19.0,26,0.0,1.0,110,58,1.0,15,0.0,17.0,576,0.0,0.0,0.0,453,6.0,633,596,11.0,23,236,72,380,1.0,2.0,3.0,11.0,0.0,141,120,81,3.0,0.0,0.0,103,132,6.0,22,0.0,1.0,118,6.0,2.0,17,61,6.0,0.0,11,93,3.0,1.0,0.0,0.0,66,2.0,0.0,0.0,2.0,2.0,1.0,0.0,101,127,49,1.0,18,4.0,0.0,103,0.0,2.0,0.0,5.0,5.0,4.0,8.0,0.0,75,2.0,0.0,0.0,0.0,1.0,0.0,10.0,0.0,1.0,26,0.0,1.0,0.0,1.0,1.0,0.0,1.0,0.0,5.0,22.0,2.0,1.0,6.0,0.0,0.0,0.0,0.0,12.0,71,154,2.0,1.0,11.0,14.0,11.0,1.0,0.0,8.0,107,3.0,21,16,0.0,1.0,0.0,0.0,0.0,0.0
201206,1.4445,547,13,95,130,56,36,21.0,34,18,0.0,385,9.0,0.0,15,0.0,8.0,18,2.0,5.0,111,46,5.0,27,0.0,20.0,383,5.0,0.0,0.0,420,7.0,636,596,13.0,15,262,80,283,1.0,1.0,0.0,4.0,0.0,90,97,91,11.0,0.0,1.0,96,180,13.0,23,0.0,1.0,60,5.0,0.0,16,49,4.0,2.0,3,83,1.0,0.0,0.0,0.0,49,1.0,0.0,0.0,2.0,2.0,0.0,0.0,66,70,62,0.0,19,1.0,0.0,88,0.0,1.0,0.0,2.0,8.0,3.0,22.0,2.0,38,2.0,0.0,0.0,0.0,0.0,0.0,12.0,0.0,0.0,29,0.0,1.0,0.0,5.0,7.0,0.0,3.0,7.0,20.0,22.0,4.0,3.0,11.0,5.0,0.0,0.0,1.0,16.0,64,171,12.0,3.0,6.0,22.0,6.0,0.0,0.0,7.0,78,4.0,19,28,0.0,2.0,0.0,0.0,0.0,0.0
201207,1.4456666666666669,609,8,116,121,61,39,6.0,32,17,1.0,433,10.0,3.0,18,0.0,26.0,22,2.0,4.0,107,45,5.0,23,1.0,19.0,355,0.0,5.0,0.0,414,4.0,596,559,4.0,18,296,79,332,22.0,1.0,1.0,6.0,2.0,95,122,90,11.0,0.0,0.0,83,150,1.0,23,0.0,0.0,77,25.0,0.0,27,66,0.0,0.0,13,107,0.0,0.0,0.0,0.0,59,4.0,1.0,0.0,1.0,5.0,0.0,0.0,91,115,65,0.0,32,2.0,0.0,125,0.0,3.0,0.0,2.0,3.0,0.0,17.0,0.0,37,1.0,0.0,0.0,1.0,0.0,0.0,3.0,1.0,0.0,9,0.0,2.0,0.0,1.0,6.0,0.0,0.0,0.0,2.0,29.0,5.0,0.0,4.0,4.0,0.0,2.0,1.0,12.0,59,200,3.0,0.0,3.0,12.0,24.0,3.0,0.0,3.0,138,2.0,14,9,0.0,0.0,0.0,0.0,0.0,0.0
201208,1.4468333333333332,479,1,78,128,48,28,4.0,27,8,2.0,450,11.0,2.0,17,0.0,4.0,12,0.0,0.0,222,42,7.0,38,0.0,13.0,304,2.0,0.0,0.0,314,7.0,484,449,4.0,21,222,45,303,8.0,2.0,3.0,1.0,0.0,70,135,90,9.0,1.0,7.0,66,128,7.0,13,0.0,0.0,83,3.0,1.0,31,58,0.0,0.0,8,94,2.0,1.0,0.0,0.0,55,0.0,0.0,0.0,1.0,0.0,0.0,0.0,86,100,79,0.0,15,5.0,0.0,92,0.0,0.0,0.0,1.0,4.0,0.0,14.0,3.0,46,1.0,0.0,0.0,0.0,0.0,0.0,2.0,1.0,0.0,12,0.0,1.0,0.0,1.0,8.0,1.0,0.0,4.0,8.0,26.0,3.0,1.0,14.0,4.0,0.0,0.0,0.0,13.0,57,153,8.0,0.0,38.0,4.0,22.0,0.0,0.0,0.0,85,3.0,12,21,0.0,0.0,0.0,0.0,0.0,0.0
201209,1.4480000000000002,612,10,119,126,70,36,6.0,40,18,3.0,502,10.0,4.0,22,1.0,12.0,27,17.0,0.0,129,60,5.0,30,0.0,8.0,601,3.0,0.0,2.0,715,23.0,684,630,6.0,21,244,74,378,2.0,0.0,12.0,15.0,1.0,131,154,71,0.0,0.0,2.0,93,204,7.0,7,0.0,2.0,74,9.0,0.0,32,48,3.0,0.0,30,94,2.0,0.0,0.0,0.0,58,8.0,0.0,0.0,4.0,0.0,0.0,0.0,75,130,75,0.0,21,3.0,0.0,116,0.0,1.0,0.0,2.0,7.0,0.0,28.0,0.0,55,1.0,0.0,0.0,0.0,0.0,2.0,12.0,0.0,1.0,16,0.0,3.0,0.0,1.0,1.0,0.0,0.0,0.0,4.0,22.0,1.0,2.0,4.0,33.0,0.0,2.0,1.0,15.0,87,210,9.0,0.0,7.0,1.0,9.0,1.0,0.0,3.0,62,10.0,27,8,2.0,0.0,0.0,0.0,0.0,0.0
201210,1.4491666666666667,563,7,110,148,68,25,20.0,25,11,0.0,443,12.0,2.0,10,1.0,7.0,26,1.0,0.0,94,53,6.0,28,0.0,23.0,422,4.0,0.0,1.0,381,13.0,592,560,6.0,21,205,46,345,2.0,0.0,2.0,2.0,2.0,95,128,130,28.0,1.0,2.0,78,177,7.0,21,0.0,0.0,79,15.0,0.0,21,51,0.0,4.0,15,83,1.0,0.0,0.0,0.0,64,2.0,0.0,0.0,0.0,0.0,0.0,0.0,88,100,70,0.0,23,3.0,0.0,116,1.0,1.0,1.0,4.0,7.0,0.0,13.0,1.0,37,0.0,0.0,0.0,0.0,0.0,0.0,9.0,0.0,0.0,16,0.0,1.0,0.0,3.0,9.0,0.0,3.0,0.0,4.0,15.0,0.0,0.0,2.0,0.0,0.0,0.0,1.0,16.0,69,162,7.0,0.0,18.0,5.0,4.0,0.0,3.0,3.0,87,1.0,21,35,1.0,0.0,0.0,0.0,0.0,0.0
201211,1.4503333333333333,518,3,97,154,38,22,11.0,24,13,3.0,421,4.0,3.0,17,1.0,6.0,16,0.0,1.0,78,51,0.0,21,0.0,8.0,384,3.0,0.0,0.0,364,19.0,539,536,97.0,15,257,83,383,2.0,1.0,12.0,9.0,0.0,100,147,89,18.0,0.0,0.0,91,131,9.0,14,2.0,0.0,58,15.0,4.0,19,62,0.0,0.0,17,95,8.0,0.0,0.0,0.0,74,0.0,0.0,0.0,0.0,1.0,0.0,0.0,75,92,59,0.0,24,7.0,0.0,92,0.0,1.0,0.0,2.0,2.0,3.0,18.0,0.0,39,0.0,0.0,1.0,0.0,0.0,0.0,4.0,7.0,1.0,14,0.0,3.0,0.0,2.0,6.0,0.0,0.0,0.0,13.0,17.0,4.0,0.0,1.0,4.0,0.0,1.0,0.0,18.0,62,163,4.0,0.0,10.0,1.0,6.0,0.0,0.0,3.0,81,8.0,20,22,1.0,3.0,0.0,0.0,0.0,0.0
201212,1.4515,667,19,146,159,55,14,6.0,39,38,0.0,477,12.0,11.0,19,5.0,6.0,19,0.0,0.0,97,60,2.0,46,0.0,15.0,347,1.0,0.0,0.0,419,22.0,716,601,43.0,16,226,57,316,4.0,1.0,1.0,10.0,0.0,93,236,101,4.0,2.0,2.0,109,125,7.0,82,2.0,0.0,53,10.0,0.0,40,75,0.0,3.0,18,104,1.0,1.0,0.0,0.0,71,2.0,0.0,1.0,3.0,0.0,0.0,0.0,90,126,100,1.0,43,0.0,0.0,124,4.0,0.0,2.0,1.0,3.0,4.0,25.0,0.0,49,1.0,0.0,1.0,0.0,0.0,0.0,6.0,1.0,9.0,77,0.0,10.0,0.0,9.0,2.0,0.0,3.0,6.0,7.0,30.0,6.0,2.0,4.0,6.0,0.0,0.0,1.0,8.0,76,180,15.0,3.0,68.0,0.0,536.0,4.0,0.0,1.0,219,15.0,39,14,0.0,0.0,0.0,0.0,0.0,0.0
201301,1.4526666666666668,525,20,104,149,86,15,18.0,35,19,0.0,422,13.0,7.0,35,4.0,18.0,23,0.0,0.0,115,57,1.0,28,0.0,17.0,309,1.0,0.0,3.0,343,16.0,479,453,2.0,11,163,37,314,2.0,3.0,3.0,13.0,0.0,77,127,64,5.0,0.0,0.0,54,150,3.0,41,0.0,0.0,52,8.0,3.0,28,62,0.0,0.0,16,115,6.0,0.0,0.0,0.0,52,1.0,0.0,0.0,0.0,2.0,0.0,0.0,117,95,163,0.0,22,3.0,0.0,107,0.0,3.0,0.0,0.0,2.0,3.0,15.0,2.0,53,1.0,0.0,2.0,0.0,0.0,0.0,23.0,6.0,0.0,42,1.0,5.0,0.0,4.0,8.0,0.0,0.0,0.0,4.0,15.0,3.0,0.0,0.0,9.0,0.0,8.0,0.0,9.0,69,214,0.0,2.0,113.0,4.0,485.0,1.0,0.0,6.0,139,2.0,19,42,0.0,0.0,0.0,0.0,0.0,0.0
201302,1.4538333333333333,373,3,81,100,51,15,18.0,20,4,1.0,368,9.0,6.0,14,0.0,2.0,21,2.0,5.0,124,41,8.0,12,0.0,10.0,273,0.0,0.0,1.0,265,8.0,412,386,0.0,17,167,36,283,0.0,0.0,2.0,5.0,0.0,41,109,77,7.0,0.0,2.0,69,115,3.0,10,0.0,0.0,46,14.0,0.0,14,61,0.0,0.0,10,101,2.0,0.0,0.0,0.0,42,0.0,0.0,0.0,0.0,3.0,0.0,0.0,57,65,55,0.0,12,2.0,0.0,97,0.0,0.0,0.0,1.0,6.0,0.0,7.0,0.0,34,0.0,0.0,3.0,1.0,0.0,0.0,8.0,0.0,0.0,22,0.0,1.0,0.0,1.0,7.0,0.0,4.0,1.0,3.0,10.0,2.0,1.0,2.0,1.0,1.0,0.0,0.0,10.0,55,165,3.0,2.0,39.0,0.0,157.0,2.0,0.0,7.0,62,1.0,18,16,0.0,6.0,0.0,0.0,3.0,0.0
201303,1.455,467,6,100,162,51,33,17.0,60,45,0.0,395,5.0,5.0,16,0.0,8.0,38,0.0,0.0,146,52,5.0,27,0.0,18.0,375,2.0,0.0,0.0,482,17.0,527,538,3.0,16,275,89,300,1.0,3.0,2.0,14.0,2.0,92,158,83,18.0,0.0,4.0,64,178,5.0,28,0.0,1.0,50,1.0,0.0,21,57,1.0,0.0,19,175,3.0,0.0,0.0,0.0,58,4.0,0.0,0.0,2.0,0.0,0.0,0.0,71,78,95,0.0,13,2.0,1.0,104,0.0,0.0,0.0,2.0,18.0,0.0,5.0,2.0,30,2.0,0.0,0.0,2.0,0.0,0.0,3.0,1.0,0.0,40,0.0,3.0,0.0,4.0,9.0,0.0,1.0,0.0,22.0,16.0,9.0,0.0,2.0,0.0,0.0,1.0,2.0,17.0,56,164,2.0,0.0,28.0,0.0,162.0,0.0,0.0,3.0,78,5.0,17,12,0.0,2.0,0.0,0.0,1.0,0.0
201304,1.45175,161,3,43,51,34,13,4.0,20,7,0.0,120,5.0,1.0,3,0.0,4.0,5,0.0,0.0,40,19,0.0,13,0.0,0.0,127,0.0,0.0,0.0,128,1.0,222,214,3.0,4,71,30,123,0.0,0.0,0.0,11.0,0.0,63,56,40,2.0,0.0,1.0,47,46,5.0,5,0.0,0.0,22,1.0,0.0,11,9,4.0,0.0,4,18,0.0,0.0,0.0,0.0,26,0.0,0.0,0.0,0.0,0.0,0.0,0.0,27,25,60,1.0,22,0.0,0.0,58,0.0,0.0,0.0,0.0,4.0,0.0,1.0,0.0,19,0.0,0.0,2.0,0.0,0.0,0.0,3.0,0.0,1.0,7,0.0,1.0,0.0,0.0,0.0,0.0,0.0,0.0,6.0,6.0,1.0,0.0,0.0,0.0,0.0,0.0,2.0,1.0,32,66,2.0,0.0,0.0,1.0,32.0,0.0,0.0,2.0,36,2.0,6,2,1.0,0.0,0.0,0.0,0.0,0.0
201305,1.4485,259,6,36,70,26,11,9.0,11,3,1.0,189,8.0,1.0,3,0.0,4.0,6,0.0,0.0,25,28,0.0,10,0.0,3.0,178,0.0,0.0,0.0,139,6.0,262,247,17.0,5,72,32,141,1.0,0.0,4.0,1.0,1.0,23,61,39,4.0,0.0,0.0,24,80,7.0,5,0.0,0.0,40,3.0,0.0,7,15,0.0,0.0,15,56,0.0,0.0,0.0,0.0,27,2.0,0.0,0.0,0.0,0.0,0.0,0.0,33,26,59,0.0,11,0.0,0.0,48,0.0,0.0,1.0,1.0,1.0,0.0,3.0,0.0,24,3.0,0.0,0.0,0.0,0.0,0.0,9.0,1.0,0.0,15,0.0,0.0,1.0,0.0,9.0,0.0,0.0,0.0,0.0,11.0,1.0,0.0,0.0,6.0,0.0,0.0,1.0,5.0,24,98,0.0,0.0,21.0,1.0,49.0,0.0,0.0,0.0,57,2.0,10,7,0.0,0.0,0.0,0.0,0.0,0.0
201306,1.44525,532,10,169,147,63,31,16.0,28,15,0.0,459,11.0,3.0,12,0.0,23.0,22,2.0,0.0,114,47,23.0,35,0.0,9.0,407,2.0,0.0,1.0,541,6.0,606,555,27.0,10,288,41,288,4.0,0.0,0.0,67.0,2.0,99,105,102,6.0,0.0,1.0,101,129,16.0,28,0.0,0.0,75,6.0,0.0,8,69,5.0,0.0,16,115,1.0,0.0,0.0,0.0,76,1.0,0.0,0.0,2.0,0.0,0.0,0.0,72,100,226,7.0,27,4.0,0.0,77,0.0,2.0,1.0,1.0,10.0,0.0,14.0,0.0,86,2.0,0.0,0.0,1.0,0.0,0.0,7.0,0.0,0.0,44,0.0,3.0,1.0,1.0,2.0,0.0,0.0,0.0,13.0,41.0,8.0,1.0,0.0,3.0,0.0,1.0,1.0,7.0,74,150,1.0,8.0,9.0,4.0,11.0,0.0,0.0,3.0,101,5.0,17,18,2.0,4.0,0.0,0.0,0.0,0.0
201307,1.442,822,24,148,170,94,35,34.0,39,11,11.0,564,13.0,4.0,25,2.0,4.0,19,3.0,1.0,173,97,17.0,36,0.0,25.0,608,6.0,0.0,1.0,682,25.0,1012,956,29.0,13,402,96,543,11.0,0.0,2.0,20.0,3.0,203,204,136,15.0,6.0,1.0,140,230,8.0,41,0.0,1.0,124,10.0,0.0,30,97,0.0,11.0,26,163,1.0,0.0,0.0,0.0,109,4.0,0.0,0.0,4.0,0.0,0.0,0.0,140,179,174,5.0,28,2.0,0.0,154,0.0,0.0,1.0,2.0,0.0,1.0,23.0,0.0,50,2.0,0.0,0.0,0.0,0.0,0.0,2.0,2.0,1.0,20,0.0,1.0,0.0,0.0,3.0,0.0,2.0,0.0,12.0,28.0,3.0,5.0,3.0,3.0,0.0,0.0,1.0,19.0,73,294,7.0,0.0,23.0,4.0,56.0,0.0,0.0,11.0,246,2.0,34,42,0.0,1.0,0.0,0.0,0.0,0.0
201308,1.43875,749,12,129,201,98,33,17.0,82,20,1.0,529,7.0,7.0,18,0.0,18.0,19,0.0,2.0,207,93,2.0,51,0.0,21.0,549,3.0,0.0,0.0,510,19.0,865,839,3.0,31,240,94,525,1.0,0.0,6.0,10.0,1.0,114,197,140,11.0,2.0,1.0,139,206,17.0,20,0.0,2.0,96,23.0,0.0,35,101,0.0,4.0,17,153,2.0,1.0,0.0,0.0,84,2.0,0.0,0.0,7.0,0.0,0.0,0.0,133,171,141,1.0,47,3.0,0.0,151,1.0,1.0,0.0,7.0,6.0,0.0,20.0,2.0,43,1.0,0.0,0.0,1.0,0.0,0.0,5.0,7.0,0.0,23,0.0,4.0,0.0,0.0,6.0,0.0,8.0,0.0,10.0,30.0,1.0,4.0,1.0,2.0,0.0,0.0,0.0,16.0,93,228,11.0,0.0,27.0,6.0,89.0,4.0,0.0,7.0,145,6.0,38,48,1.0,0.0,0.0,0.0,0.0,0.0
201309,1.4355,689,13,164,218,91,44,17.0,67,20,4.0,667,15.0,4.0,52,1.0,23.0,26,1.0,1.0,166,102,2.0,56,1.0,23.0,664,2.0,0.0,3.0,603,33.0,964,887,7.0,22,344,96,544,6.0,2.0,11.0,33.0,3.0,218,188,176,16.0,3.0,2.0,124,205,14.0,54,0.0,1.0,118,16.0,3.0,30,117,3.0,0.0,25,145,0.0,0.0,0.0,0.0,99,4.0,0.0,0.0,4.0,1.0,0.0,0.0,107,148,130,1.0,42,7.0,3.0,137,0.0,0.0,0.0,4.0,4.0,1.0,10.0,2.0,62,1.0,0.0,1.0,0.0,0.0,0.0,8.0,0.0,2.0,45,0.0,4.0,2.0,3.0,1.0,0.0,0.0,0.0,7.0,38.0,2.0,2.0,0.0,1.0,0.0,0.0,5.0,10.0,85,307,20.0,0.0,61.0,4.0,162.0,1.0,0.0,14.0,178,4.0,30,35,0.0,0.0,0.0,0.0,0.0,0.0
201310,1.43225,660,10,116,210,91,30,21.0,55,16,0.0,607,9.0,2.0,15,1.0,5.0,24,3.0,2.0,158,112,3.0,59,0.0,47.0,722,19.0,0.0,0.0,668,44.0,1070,1017,12.0,28,475,140,502,0.0,0.0,11.0,11.0,0.0,360,183,143,12.0,6.0,2.0,137,274,16.0,18,0.0,0.0,88,21.0,0.0,33,78,0.0,0.0,15,197,1.0,0.0,0.0,0.0,81,5.0,0.0,2.0,13.0,1.0,2.0,0.0,139,208,98,1.0,41,3.0,0.0,182,3.0,3.0,0.0,5.0,15.0,0.0,13.0,4.0,53,2.0,0.0,4.0,0.0,0.0,0.0,10.0,0.0,0.0,30,0.0,3.0,2.0,3.0,5.0,0.0,3.0,1.0,3.0,27.0,12.0,6.0,11.0,5.0,0.0,1.0,4.0,26.0,111,202,11.0,0.0,10.0,11.0,32.0,1.0,0.0,12.0,198,1.0,25,62,0.0,1.0,0.0,0.0,0.0,0.0
201311,1.429,849,25,165,226,68,37,12.0,60,21,2.0,585,19.0,20.0,27,2.0,8.0,16,11.0,1.0,214,120,11.0,64,0.0,29.0,614,5.0,0.0,1.0,688,31.0,1012,995,25.0,22,322,97,635,17.0,4.0,3.0,13.0,2.0,309,203,135,69.0,11.0,6.0,153,244,22.0,48,0.0,0.0,104,12.0,1.0,31,87,0.0,1.0,27,280,4.0,0.0,0.0,0.0,93,17.0,0.0,0.0,5.0,15.0,0.0,0.0,157,226,196,1.0,55,0.0,0.0,212,0.0,2.0,1.0,9.0,8.0,6.0,40.0,1.0,94,0.0,0.0,9.0,0.0,0.0,0.0,23.0,0.0,2.0,45,0.0,2.0,0.0,1.0,25.0,1.0,13.0,3.0,19.0,23.0,12.0,0.0,3.0,6.0,0.0,1.0,3.0,14.0,197,433,6.0,0.0,18.0,2.0,27.0,0.0,0.0,6.0,128,18.0,28,34,0.0,3.0,0.0,0.0,0.0,1.0
201312,1.42575,623,16,134,140,103,31,13.0,52,30,1.0,532,19.0,3.0,14,2.0,33.0,12,3.0,0.0,171,87,10.0,33,0.0,36.0,378,0.0,0.0,0.0,426,21.0,671,639,317.0,18,225,75,370,8.0,5.0,0.0,6.0,0.0,147,157,87,8.0,3.0,1.0,127,196,11.0,46,0.0,0.0,66,21.0,0.0,28,88,0.0,0.0,18,222,3.0,0.0,0.0,0.0,70,17.0,0.0,0.0,0.0,0.0,0.0,0.0,111,154,132,5.0,33,0.0,0.0,183,1.0,2.0,2.0,1.0,6.0,1.0,12.0,4.0,79,1.0,0.0,6.0,4.0,0.0,0.0,5.0,2.0,0.0,34,0.0,3.0,0.0,13.0,22.0,2.0,11.0,5.0,5.0,20.0,5.0,0.0,4.0,13.0,0.0,0.0,5.0,6.0,97,265,16.0,1.0,33.0,7.0,62.0,0.0,0.0,14.0,172,4.0,41,35,4.0,0.0,0.0,0.0,1.0,3.0
201401,1.4225,508,13,79,139,77,29,20.0,49,16,0.0,417,5.0,0.0,14,1.0,11.0,16,1.0,0.0,134,72,2.0,33,0.0,22.0,414,0.0,0.0,2.0,669,24.0,703,661,0.0,18,171,64,351,2.0,0.0,5.0,10.0,6.0,99,130,90,19.0,2.0,2.0,81,167,7.0,24,1.0,3.0,83,14.0,0.0,14,114,1.0,0.0,16,126,0.0,0.0,0.0,0.0,66,1.0,0.0,0.0,1.0,1.0,0.0,0.0,77,126,84,0.0,35,4.0,0.0,104,0.0,0.0,0.0,2.0,5.0,1.0,19.0,2.0,46,2.0,0.0,1.0,0.0,0.0,0.0,4.0,1.0,0.0,27,0.0,5.0,0.0,8.0,6.0,0.0,1.0,0.0,5.0,31.0,2.0,0.0,1.0,2.0,0.0,0.0,1.0,3.0,61,232,5.0,0.0,14.0,24.0,26.0,1.0,0.0,2.0,83,5.0,32,30,5.0,0.0,0.0,0.0,0.0,0.0
201402,1.41925,795,9,175,185,74,55,12.0,38,12,5.0,613,7.0,15.0,27,7.0,18.0,32,1.0,1.0,207,107,5.0,73,0.0,21.0,714,0.0,0.0,0.0,619,15.0,949,881,11.0,29,633,184,689,5.0,1.0,4.0,14.0,0.0,237,233,142,19.0,0.0,5.0,149,226,10.0,12,1.0,1.0,97,20.0,0.0,28,77,0.0,0.0,43,166,3.0,0.0,0.0,0.0,106,4.0,1.0,0.0,2.0,0.0,0.0,0.0,153,203,88,2.0,43,2.0,0.0,188,0.0,0.0,0.0,10.0,25.0,0.0,21.0,6.0,98,3.0,0.0,1.0,0.0,0.0,0.0,7.0,4.0,4.0,19,0.0,2.0,0.0,6.0,17.0,1.0,1.0,0.0,9.0,39.0,9.0,1.0,6.0,18.0,0.0,0.0,2.0,17.0,103,266,10.0,0.0,11.0,4.0,34.0,12.0,0.0,32.0,197,2.0,43,23,6.0,3.0,0.0,0.0,0.0,0.0
201403,1.416,840,22,164,162,92,83,44.0,32,30,0.0,630,19.0,8.0,59,1.0,7.0,33,2.0,1.0,185,62,7.0,69,0.0,26.0,599,6.0,1.0,1.0,607,86.0,1060,896,2.0,32,354,114,487,2.0,0.0,1.0,17.0,0.0,161,233,129,24.0,1.0,3.0,149,184,57.0,56,1.0,0.0,106,13.0,5.0,12,101,0.0,1.0,20,408,0.0,2.0,0.0,0.0,91,4.0,0.0,0.0,6.0,2.0,1.0,0.0,182,135,133,0.0,39,0.0,0.0,209,0.0,10.0,0.0,8.0,15.0,0.0,24.0,4.0,64,1.0,0.0,0.0,0.0,0.0,0.0,4.0,6.0,8.0,46,0.0,1.0,0.0,2.0,22.0,1.0,1.0,0.0,27.0,44.0,4.0,3.0,12.0,9.0,0.0,0.0,9.0,11.0,81,222,4.0,1.0,20.0,1.0,88.0,10.0,0.0,4.0,148,0.0,55,16,8.0,1.0,0.0,0.0,0.0,0.0
201404,1.4135833333333332,711,15,146,180,83,40,11.0,61,29,0.0,650,22.0,4.0,20,1.0,6.0,31,0.0,1.0,190,104,11.0,45,0.0,18.0,514,4.0,0.0,2.0,533,16.0,1033,987,12.0,20,261,143,612,8.0,0.0,3.0,24.0,0.0,180,270,197,32.0,1.0,0.0,144,228,12.0,22,0.0,0.0,76,7.0,1.0,19,79,0.0,0.0,26,188,3.0,0.0,0.0,0.0,56,2.0,0.0,0.0,1.0,0.0,0.0,0.0,126,190,107,6.0,39,1.0,0.0,150,0.0,0.0,0.0,4.0,3.0,0.0,36.0,4.0,50,0.0,0.0,3.0,0.0,0.0,0.0,11.0,0.0,1.0,44,0.0,3.0,0.0,0.0,14.0,0.0,6.0,0.0,14.0,23.0,4.0,1.0,1.0,10.0,0.0,0.0,3.0,7.0,116,243,4.0,0.0,13.0,14.0,61.0,4.0,0.0,19.0,221,0.0,31,27,0.0,0.0,0.0,0.0,0.0,0.0
201405,1.4111666666666665,797,11,189,188,76,45,10.0,30,16,3.0,595,10.0,6.0,19,3.0,20.0,40,0.0,3.0,374,108,4.0,45,0.0,38.0,670,1.0,0.0,9.0,736,17.0,961,929,37.0,31,403,134,517,6.0,4.0,6.0,20.0,0.0,179,179,101,8.0,0.0,0.0,123,209,3.0,14,0.0,0.0,115,13.0,1.0,19,86,1.0,1.0,31,133,5.0,3.0,1.0,0.0,102,8.0,0.0,0.0,1.0,1.0,0.0,0.0,138,170,137,0.0,71,4.0,0.0,206,0.0,0.0,0.0,5.0,10.0,0.0,15.0,3.0,100,4.0,0.0,4.0,0.0,0.0,0.0,6.0,4.0,1.0,55,0.0,1.0,0.0,10.0,10.0,0.0,2.0,0.0,11.0,31.0,4.0,3.0,4.0,8.0,0.0,0.0,2.0,24.0,82,194,6.0,4.0,26.0,7.0,22.0,1.0,0.0,9.0,108,1.0,40,31,0.0,0.0,0.0,0.0,0.0,0.0
201406,1.40875,682,13,127,141,73,37,16.0,45,6,4.0,627,5.0,5.0,17,1.0,22.0,29,0.0,1.0,136,88,21.0,52,0.0,28.0,497,4.0,0.0,1.0,676,8.0,712,670,26.0,21,285,65,557,3.0,2.0,5.0,34.0,0.0,169,189,127,16.0,0.0,0.0,152,216,6.0,14,0.0,4.0,87,13.0,0.0,15,66,0.0,1.0,24,123,2.0,0.0,1.0,0.0,119,0.0,0.0,0.0,3.0,1.0,0.0,0.0,113,164,146,5.0,42,2.0,0.0,113,0.0,0.0,0.0,1.0,8.0,0.0,18.0,0.0,62,0.0,0.0,0.0,0.0,0.0,0.0,5.0,0.0,2.0,49,0.0,2.0,0.0,0.0,5.0,3.0,1.0,1.0,12.0,22.0,2.0,2.0,10.0,20.0,0.0,0.0,3.0,7.0,104,186,5.0,0.0,7.0,3.0,13.0,0.0,0.0,14.0,111,1.0,43,17,0.0,3.0,0.0,0.0,0.0,0.0
201407,1.4063333333333332,758,20,145,197,81,54,16.0,54,35,0.0,712,6.0,4.0,20,1.0,14.0,26,2.0,3.0,148,104,6.0,59,0.0,29.0,496,19.0,0.0,1.0,534,11.0,862,824,9.0,31,293,177,532,4.0,0.0,2.0,39.0,0.0,114,217,129,37.0,0.0,0.0,112,258,7.0,23,0.0,1.0,82,11.0,0.0,17,97,0.0,0.0,29,133,1.0,0.0,0.0,0.0,67,12.0,0.0,0.0,4.0,1.0,0.0,0.0,135,188,83,4.0,47,2.0,0.0,186,0.0,1.0,0.0,10.0,7.0,0.0,32.0,0.0,62,5.0,7.0,2.0,0.0,0.0,0.0,23.0,0.0,4.0,45,0.0,2.0,1.0,3.0,11.0,0.0,1.0,3.0,8.0,17.0,5.0,0.0,22.0,0.0,0.0,0.0,1.0,9.0,160,199,5.0,1.0,13.0,11.0,8.0,0.0,0.0,16.0,183,5.0,40,48,5.0,1.0,0.0,0.0,0.0,0.0
201408,1.4039166666666665,802,11,135,223,97,33,6.0,86,4,2.0,726,16.0,2.0,18,9.0,3.0,26,0.0,1.0,192,89,11.0,54,0.0,56.0,630,2.0,0.0,0.0,571,12.0,1069,1107,13.0,19,390,89,678,4.0,0.0,7.0,11.0,0.0,175,202,141,16.0,1.0,3.0,141,279,14.0,30,1.0,0.0,110,16.0,0.0,23,105,1.0,2.0,29,147,1.0,0.0,0.0,0.0,116,1.0,0.0,1.0,6.0,3.0,0.0,0.0,138,153,92,0.0,33,4.0,0.0,172,0.0,2.0,2.0,0.0,10.0,0.0,17.0,1.0,55,4.0,0.0,0.0,0.0,0.0,0.0,8.0,1.0,2.0,36,0.0,9.0,2.0,2.0,13.0,2.0,3.0,0.0,11.0,33.0,5.0,2.0,6.0,5.0,0.0,0.0,2.0,4.0,109,251,3.0,0.0,13.0,6.0,24.0,1.0,0.0,11.0,199,8.0,58,43,2.0,7.0,0.0,0.0,0.0,0.0
201409,1.4015,893,17,146,205,129,40,15.0,69,9,1.0,807,14.0,7.0,32,0.0,14.0,30,3.0,4.0,208,78,11.0,41,0.0,34.0,623,19.0,0.0,0.0,751,11.0,1020,1022,8.0,19,339,122,617,8.0,1.0,0.0,11.0,4.0,279,198,127,12.0,0.0,0.0,154,265,7.0,23,1.0,5.0,117,15.0,1.0,28,144,3.0,2.0,16,218,0.0,2.0,0.0,0.0,86,4.0,0.0,4.0,6.0,5.0,0.0,0.0,130,156,107,2.0,27,6.0,0.0,154,0.0,3.0,3.0,5.0,9.0,3.0,33.0,1.0,84,6.0,1.0,0.0,0.0,0.0,0.0,13.0,1.0,3.0,59,0.0,3.0,0.0,1.0,22.0,0.0,1.0,1.0,10.0,30.0,3.0,0.0,4.0,1.0,0.0,1.0,7.0,15.0,202,249,5.0,1.0,14.0,6.0,10.0,0.0,0.0,9.0,204,1.0,53,49,1.0,1.0,0.0,0.0,0.0,0.0
201410,1.3990833333333332,955,7,143,216,81,65,10.0,91,14,2.0,768,24.0,13.0,37,2.0,12.0,22,5.0,2.0,174,84,2.0,58,0.0,31.0,695,3.0,0.0,2.0,697,19.0,1504,1414,13.0,36,394,97,738,16.0,2.0,9.0,18.0,0.0,276,224,185,21.0,0.0,0.0,177,306,18.0,23,0.0,4.0,104,30.0,1.0,38,179,4.0,2.0,44,251,2.0,0.0,2.0,0.0,99,1.0,0.0,0.0,0.0,3.0,0.0,0.0,157,228,143,0.0,67,2.0,0.0,225,0.0,0.0,2.0,17.0,6.0,1.0,23.0,0.0,88,2.0,0.0,6.0,2.0,0.0,0.0,14.0,4.0,2.0,70,0.0,5.0,1.0,3.0,35.0,2.0,9.0,1.0,7.0,26.0,5.0,0.0,6.0,0.0,0.0,0.0,12.0,19.0,155,268,10.0,5.0,29.0,10.0,28.0,3.0,0.0,7.0,181,8.0,70,50,7.0,2.0,0.0,0.0,0.0,0.0
201411,1.3966666666666665,961,22,135,265,96,31,17.0,89,15,3.0,861,8.0,13.0,52,5.0,13.0,41,0.0,7.0,196,119,5.0,53,0.0,27.0,827,3.0,0.0,1.0,814,25.0,1369,1289,21.0,26,431,113,700,8.0,2.0,2.0,5.0,1.0,190,190,161,40.0,2.0,1.0,221,349,14.0,20,0.0,1.0,122,26.0,0.0,36,131,0.0,2.0,28,189,2.0,0.0,0.0,0.0,123,2.0,0.0,0.0,3.0,1.0,0.0,0.0,140,196,221,0.0,46,5.0,0.0,218,1.0,5.0,0.0,14.0,24.0,2.0,40.0,3.0,97,1.0,0.0,1.0,0.0,0.0,0.0,19.0,0.0,1.0,39,1.0,8.0,0.0,3.0,21.0,0.0,1.0,9.0,23.0,36.0,4.0,1.0,11.0,7.0,0.0,2.0,6.0,39.0,159,326,9.0,1.0,16.0,5.0,15.0,0.0,0.0,13.0,233,4.0,40,35,2.0,3.0,0.0,0.0,0.0,0.0
201412,1.3942499999999998,1089,24,231,243,153,55,16.0,90,79,0.0,661,11.0,10.0,42,3.0,8.0,31,3.0,2.0,331,124,13.0,123,0.0,25.0,688,3.0,0.0,0.0,699,8.0,1461,1289,6.0,22,545,134,599,7.0,0.0,6.0,24.0,0.0,176,403,164,8.0,0.0,0.0,253,307,27.0,175,0.0,1.0,116,23.0,0.0,24,150,0.0,2.0,24,619,2.0,0.0,1.0,0.0,95,1.0,0.0,0.0,0.0,5.0,0.0,0.0,160,197,144,0.0,66,1.0,0.0,197,0.0,2.0,0.0,6.0,11.0,2.0,31.0,0.0,54,1.0,0.0,0.0,0.0,0.0,0.0,14.0,3.0,0.0,40,0.0,2.0,0.0,2.0,29.0,2.0,0.0,1.0,26.0,50.0,12.0,1.0,4.0,3.0,0.0,1.0,5.0,14.0,122,343,3.0,0.0,23.0,11.0,39.0,1.0,0.0,10.0,318,4.0,68,50,5.0,2.0,0.0,0.0,2.0,0.0
201501,1.391833333333333,1241,32,201,251,147,111,26.0,93,38,3.0,772,17.0,10.0,28,1.0,16.0,24,0.0,1.0,231,128,1.0,66,0.0,29.0,618,0.0,0.0,1.0,729,17.0,1337,1227,10.0,23,427,131,713,7.0,0.0,9.0,9.0,0.0,225,332,120,14.0,3.0,14.0,180,254,18.0,104,1.0,2.0,161,14.0,0.0,24,170,0.0,2.0,29,530,1.0,0.0,0.0,1.0,128,5.0,1.0,0.0,3.0,1.0,0.0,0.0,175,212,141,0.0,69,2.0,0.0,230,0.0,3.0,1.0,7.0,9.0,3.0,27.0,1.0,91,5.0,1.0,2.0,2.0,0.0,1.0,24.0,1.0,2.0,37,0.0,2.0,0.0,2.0,31.0,0.0,0.0,0.0,31.0,40.0,2.0,0.0,2.0,4.0,0.0,5.0,1.0,18.0,149,349,18.0,1.0,25.0,13.0,18.0,1.0,1.0,15.0,275,7.0,71,40,6.0,10.0,0.0,0.0,1.0,0.0
201502,1.3894166666666663,898,18,152,230,115,52,27.0,119,33,2.0,799,9.0,3.0,29,0.0,17.0,27,2.0,2.0,223,72,19.0,76,0.0,30.0,754,4.0,0.0,1.0,806,8.0,1148,1036,12.0,27,382,130,713,10.0,1.0,4.0,12.0,2.0,186,228,127,20.0,1.0,1.0,194,326,19.0,26,0.0,3.0,125,11.0,0.0,44,130,0.0,3.0,34,214,5.0,0.0,0.0,0.0,99,10.0,4.0,0.0,9.0,2.0,0.0,0.0,182,221,135,0.0,58,5.0,0.0,220,0.0,6.0,0.0,17.0,13.0,1.0,32.0,3.0,73,2.0,0.0,1.0,0.0,0.0,0.0,7.0,6.0,3.0,52,0.0,6.0,0.0,0.0,30.0,0.0,0.0,0.0,17.0,35.0,7.0,4.0,2.0,3.0,0.0,1.0,0.0,28.0,108,294,6.0,1.0,28.0,14.0,17.0,4.0,0.0,16.0,198,3.0,36,34,0.0,28.0,0.0,1.0,0.0,0.0
201503,1.3869999999999998,1763,22,331,423,214,79,37.0,824,904,9.0,1317,33.0,20.0,41,7.0,30.0,61,2.0,2.0,334,144,7.0,83,0.0,35.0,1161,7.0,0.0,0.0,1269,24.0,2365,2208,119.0,69,651,186,1411,16.0,7.0,24.0,26.0,6.0,321,321,244,22.0,0.0,1.0,286,477,33.0,45,0.0,1.0,207,12.0,11.0,113,251,2.0,8.0,39,336,14.0,0.0,0.0,0.0,177,5.0,0.0,0.0,25.0,2.0,1.0,0.0,303,382,228,0.0,70,9.0,0.0,311,0.0,0.0,2.0,15.0,26.0,0.0,25.0,3.0,151,1.0,0.0,0.0,2.0,0.0,0.0,27.0,9.0,4.0,133,0.0,11.0,1.0,7.0,25.0,3.0,2.0,10.0,36.0,80.0,23.0,3.0,11.0,8.0,0.0,6.0,9.0,87.0,237,492,29.0,6.0,30.0,2.0,69.0,0.0,0.0,56.0,322,9.0,95,42,5.0,18.0,0.0,0.0,1.0,2.0
201504,1.3874999999999995,1220,30,229,327,146,54,42.0,236,101,2.0,950,28.0,10.0,46,3.0,24.0,21,1.0,5.0,254,107,16.0,111,0.0,41.0,928,4.0,0.0,0.0,881,13.0,1638,1575,22.0,50,435,183,927,2.0,2.0,10.0,4.0,4.0,423,339,241,33.0,8.0,8.0,276,328,19.0,91,0.0,6.0,195,9.0,0.0,61,196,3.0,3.0,35,278,1.0,0.0,0.0,0.0,154,3.0,0.0,1.0,3.0,5.0,0.0,0.0,258,351,199,1.0,72,9.0,0.0,270,1.0,1.0,2.0,8.0,10.0,0.0,22.0,1.0,123,3.0,0.0,0.0,0.0,0.0,0.0,30.0,4.0,13.0,73,0.0,5.0,0.0,7.0,11.0,2.0,3.0,4.0,38.0,72.0,17.0,0.0,7.0,13.0,0.0,1.0,12.0,39.0,171,440,18.0,3.0,42.0,10.0,25.0,1.0,0.0,51.0,221,5.0,43,53,8.0,6.0,0.0,0.0,1.0,0.0
201505,1.3880000000000001,1351,35,237,371,162,47,64.0,142,28,5.0,1000,29.0,12.0,50,0.0,38.0,53,7.0,6.0,339,144,8.0,98,0.0,34.0,878,8.0,0.0,0.0,902,18.0,1580,1435,41.0,26,531,119,845,11.0,2.0,14.0,13.0,0.0,207,304,190,23.0,2.0,3.0,248,387,30.0,87,0.0,7.0,183,20.0,1.0,40,215,1.0,5.0,34,327,8.0,0.0,5.0,0.0,130,24.0,0.0,0.0,5.0,6.0,0.0,0.0,220,293,195,3.0,62,0.0,0.0,281,0.0,2.0,0.0,11.0,22.0,1.0,42.0,6.0,140,11.0,0.0,1.0,0.0,0.0,0.0,30.0,5.0,1.0,51,0.0,9.0,0.0,2.0,27.0,0.0,0.0,4.0,23.0,64.0,11.0,5.0,10.0,5.0,0.0,2.0,8.0,23.0,154,509,14.0,2.0,30.0,8.0,32.0,4.0,0.0,17.0,224,8.0,68,94,3.0,6.0,0.0,0.0,0.0,2.0
201506,1.3884999999999998,1351,16,224,349,134,41,23.0,119,58,0.0,1076,19.0,4.0,51,3.0,53.0,49,0.0,2.0,247,122,6.0,70,0.0,46.0,903,0.0,1.0,4.0,882,9.0,1632,1495,8.0,36,488,194,937,4.0,1.0,10.0,2.0,2.0,342,275,237,25.0,3.0,4.0,195,377,23.0,65,2.0,6.0,191,37.0,2.0,50,217,4.0,6.0,26,297,3.0,4.0,0.0,0.0,142,5.0,0.0,3.0,14.0,4.0,1.0,0.0,218,379,173,1.0,103,3.0,0.0,307,0.0,2.0,1.0,9.0,10.0,3.0,36.0,4.0,101,2.0,0.0,0.0,1.0,0.0,0.0,23.0,6.0,0.0,35,0.0,10.0,0.0,10.0,22.0,1.0,5.0,1.0,23.0,63.0,17.0,1.0,3.0,4.0,0.0,9.0,1.0,27.0,181,549,5.0,5.0,28.0,7.0,22.0,0.0,0.0,23.0,255,5.0,62,91,0.0,8.0,0.0,0.0,0.0,0.0
201507,1.3889999999999998,1744,30,358,383,200,74,34.0,216,43,3.0,1343,39.0,18.0,36,18.0,42.0,59,5.0,7.0,354,249,11.0,66,0.0,45.0,1077,1.0,1.0,0.0,1173,5.0,1865,1682,41.0,75,622,193,1057,12.0,4.0,1.0,29.0,5.0,319,403,238,72.0,9.0,3.0,324,563,24.0,57,1.0,2.0,284,28.0,1.0,76,321,2.0,5.0,49,354,4.0,0.0,1.0,0.0,222,12.0,0.0,0.0,3.0,11.0,1.0,0.0,536,433,304,6.0,94,15.0,1.0,346,0.0,7.0,0.0,16.0,34.0,3.0,54.0,1.0,130,4.0,0.0,1.0,0.0,0.0,0.0,41.0,7.0,3.0,70,2.0,4.0,3.0,2.0,17.0,2.0,6.0,1.0,22.0,65.0,23.0,2.0,17.0,7.0,0.0,1.0,1.0,17.0,171,571,32.0,2.0,44.0,2.0,34.0,11.0,0.0,24.0,316,10.0,79,85,1.0,6.0,0.0,0.0,0.0,0.0
201508,1.3895,1659,26,357,480,206,65,34.0,379,53,2.0,1329,41.0,36.0,74,24.0,33.0,54,4.0,5.0,344,131,29.0,104,0.0,62.0,1224,5.0,0.0,0.0,1063,24.0,2003,1872,5.0,46,770,206,1408,16.0,1.0,15.0,16.0,2.0,249,327,247,84.0,5.0,3.0,361,467,34.0,54,1.0,6.0,284,29.0,20.0,126,221,0.0,1.0,56,323,6.0,0.0,0.0,0.0,218,3.0,0.0,0.0,6.0,3.0,0.0,0.0,1012,419,177,3.0,74,1.0,0.0,337,0.0,0.0,1.0,3.0,33.0,4.0,47.0,5.0,189,1.0,0.0,3.0,0.0,0.0,0.0,9.0,9.0,4.0,66,0.0,8.0,0.0,6.0,20.0,2.0,0.0,13.0,14.0,112.0,21.0,4.0,6.0,9.0,0.0,2.0,16.0,26.0,207,358,13.0,0.0,37.0,16.0,35.0,24.0,0.0,18.0,380,5.0,111,49,12.0,22.0,0.0,2.0,5.0,0.0
201509,1.39,1578,22,382,442,208,62,29.0,152,45,4.0,1282,24.0,43.0,63,14.0,19.0,36,2.0,1.0,348,133,11.0,118,0.0,28.0,968,9.0,0.0,6.0,1155,22.0,1660,1562,22.0,46,609,173,1286,14.0,4.0,6.0,25.0,3.0,347,329,191,22.0,2.0,4.0,297,460,44.0,65,0.0,3.0,249,14.0,3.0,59,210,0.0,4.0,42,286,2.0,2.0,0.0,0.0,235,1.0,2.0,0.0,6.0,11.0,0.0,0.0,891,375,275,0.0,94,7.0,0.0,357,0.0,7.0,0.0,6.0,21.0,1.0,33.0,0.0,200,6.0,1.0,0.0,2.0,0.0,0.0,21.0,8.0,1.0,174,4.0,9.0,0.0,3.0,16.0,1.0,15.0,0.0,36.0,72.0,7.0,2.0,3.0,4.0,0.0,0.0,0.0,23.0,191,405,23.0,2.0,15.0,4.0,16.0,0.0,1.0,13.0,325,3.0,93,74,6.0,15.0,0.0,0.0,0.0,2.0
201510,1.3904999999999998,1307,33,266,349,190,79,19.0,144,26,0.0,1135,29.0,15.0,69,3.0,23.0,32,13.0,5.0,402,159,4.0,108,0.0,75.0,922,4.0,0.0,8.0,1047,19.0,1623,1503,63.0,38,580,183,932,11.0,2.0,12.0,21.0,0.0,542,403,207,23.0,1.0,4.0,269,449,69.0,67,0.0,1.0,148,20.0,1.0,38,211,0.0,1.0,40,276,2.0,0.0,0.0,0.0,182,8.0,0.0,0.0,8.0,7.0,0.0,0.0,311,339,205,5.0,87,4.0,0.0,298,0.0,3.0,0.0,6.0,26.0,3.0,51.0,0.0,166,8.0,0.0,0.0,2.0,0.0,0.0,11.0,5.0,0.0,51,6.0,4.0,0.0,4.0,25.0,1.0,1.0,6.0,38.0,58.0,24.0,3.0,10.0,12.0,0.0,0.0,18.0,18.0,176,515,13.0,1.0,19.0,4.0,23.0,2.0,1.0,17.0,407,6.0,70,58,0.0,20.0,0.0,0.0,0.0,0.0
201511,1.391,1439,36,295,366,187,90,18.0,194,67,3.0,1089,19.0,17.0,51,0.0,47.0,146,1.0,3.0,495,128,18.0,85,0.0,61.0,1637,11.0,0.0,0.0,1800,21.0,2403,2219,143.0,46,1235,331,1114,4.0,1.0,44.0,37.0,0.0,639,337,279,24.0,1.0,2.0,266,428,47.0,54,3.0,3.0,192,36.0,1.0,48,238,0.0,3.0,42,289,2.0,2.0,0.0,0.0,189,5.0,0.0,0.0,1.0,5.0,0.0,0.0,282,411,150,0.0,68,3.0,2.0,315,0.0,3.0,1.0,13.0,32.0,5.0,48.0,4.0,136,8.0,0.0,3.0,0.0,0.0,2.0,34.0,2.0,4.0,86,0.0,8.0,0.0,3.0,25.0,0.0,1.0,0.0,12.0,52.0,9.0,4.0,7.0,21.0,0.0,2.0,3.0,24.0,180,395,12.0,0.0,37.0,18.0,43.0,2.0,0.0,23.0,322,4.0,84,60,1.0,14.0,0.0,0.0,0.0,0.0
201512,1.3915,1157,20,149,301,120,64,16.0,101,20,3.0,917,8.0,9.0,39,1.0,20.0,59,0.0,0.0,310,162,21.0,66,0.0,46.0,742,4.0,0.0,3.0,787,11.0,1424,1263,19.0,30,543,137,893,10.0,1.0,9.0,25.0,1.0,396,391,172,62.0,3.0,6.0,256,342,26.0,97,1.0,1.0,200,17.0,1.0,64,237,1.0,6.0,21,284,2.0,0.0,0.0,0.0,149,2.0,0.0,0.0,1.0,8.0,0.0,0.0,183,269,133,0.0,60,6.0,0.0,274,0.0,5.0,1.0,15.0,20.0,0.0,33.0,2.0,104,1.0,1.0,1.0,0.0,0.0,0.0,35.0,3.0,6.0,48,0.0,3.0,1.0,3.0,25.0,6.0,7.0,10.0,31.0,60.0,7.0,0.0,8.0,5.0,0.0,1.0,7.0,22.0,184,303,9.0,1.0,39.0,6.0,52.0,4.0,0.0,5.0,207,2.0,80,50,2.0,7.0,0.0,0.0,0.0,1.0
201601,1.392,1362,13,250,396,175,84,30.0,97,37,8.0,999,12.0,13.0,39,1.0,15.0,54,0.0,4.0,359,118,8.0,73,0.0,54.0,904,2.0,1.0,0.0,961,12.0,1497,1366,17.0,32,569,261,995,20.0,1.0,5.0,10.0,1.0,312,371,202,13.0,4.0,3.0,203,354,14.0,42,3.0,2.0,221,17.0,8.0,41,222,5.0,4.0,72,335,3.0,0.0,0.0,0.0,174,2.0,0.0,0.0,4.0,2.0,0.0,0.0,241,362,167,1.0,58,2.0,2.0,285,0.0,4.0,6.0,2.0,16.0,0.0,46.0,9.0,200,0.0,0.0,0.0,3.0,0.0,0.0,60.0,11.0,1.0,63,0.0,6.0,1.0,2.0,42.0,2.0,9.0,9.0,7.0,47.0,16.0,1.0,15.0,1.0,0.0,10.0,1.0,21.0,194,469,46.0,0.0,29.0,3.0,12.0,7.0,0.0,9.0,257,5.0,62,53,13.0,0.0,0.0,0.0,0.0,0.0
201602,1.3925,1206,20,302,384,168,44,17.0,68,30,0.0,1033,30.0,19.0,38,2.0,13.0,47,3.0,11.0,247,128,10.0,67,0.0,45.0,889,1.0,0.0,0.0,798,16.0,1474,1432,19.0,37,519,179,769,6.0,0.0,7.0,10.0,5.0,401,314,237,50.0,9.0,19.0,165,386,29.0,51,0.0,2.0,184,17.0,2.0,51,196,0.0,3.0,36,272,3.0,0.0,0.0,0.0,142,1.0,0.0,0.0,5.0,2.0,0.0,0.0,254,249,160,6.0,55,3.0,0.0,235,0.0,4.0,0.0,5.0,22.0,2.0,48.0,2.0,157,11.0,0.0,0.0,0.0,0.0,0.0,18.0,2.0,0.0,85,0.0,8.0,0.0,4.0,20.0,0.0,4.0,0.0,6.0,49.0,6.0,0.0,18.0,5.0,0.0,2.0,1.0,22.0,126,378,29.0,3.0,31.0,11.0,27.0,2.0,0.0,21.0,237,4.0,69,37,9.0,2.0,0.0,0.0,0.0,0.0
201603,1.393,1258,38,231,329,176,143,30.0,161,54,3.0,1013,33.0,20.0,41,6.0,11.0,42,1.0,5.0,268,128,8.0,106,0.0,49.0,913,2.0,0.0,2.0,941,8.0,1430,1288,9.0,30,565,195,902,22.0,2.0,2.0,20.0,0.0,186,305,194,25.0,5.0,2.0,206,386,20.0,55,1.0,3.0,183,19.0,5.0,85,224,4.0,1.0,35,328,1.0,0.0,0.0,1.0,172,10.0,0.0,0.0,2.0,0.0,0.0,0.0,293,301,164,1.0,70,7.0,0.0,223,0.0,1.0,0.0,10.0,18.0,1.0,31.0,2.0,124,7.0,0.0,0.0,1.0,0.0,0.0,24.0,1.0,1.0,106,1.0,5.0,0.0,9.0,42.0,4.0,2.0,0.0,16.0,85.0,9.0,4.0,17.0,4.0,0.0,2.0,1.0,27.0,170,459,22.0,0.0,29.0,9.0,27.0,1.0,0.0,11.0,198,2.0,52,45,6.0,3.0,0.0,0.0,0.0,1.0
201604,1.3935833333333334,1337,32,308,400,198,57,47.0,119,25,1.0,1186,30.0,22.0,57,14.0,47.0,57,5.0,5.0,338,147,4.0,95,0.0,46.0,1006,27.0,0.0,1.0,1129,8.0,1723,1529,14.0,68,565,238,1006,14.0,0.0,18.0,37.0,2.0,401,349,402,34.0,3.0,4.0,267,513,45.0,53,1.0,7.0,190,48.0,1.0,51,202,0.0,3.0,44,312,2.0,0.0,0.0,0.0,163,13.0,0.0,2.0,3.0,5.0,0.0,0.0,262,309,272,0.0,76,2.0,5.0,376,1.0,1.0,3.0,10.0,14.0,7.0,48.0,7.0,167,5.0,0.0,0.0,0.0,0.0,0.0,29.0,5.0,1.0,81,0.0,6.0,1.0,7.0,37.0,2.0,8.0,0.0,19.0,59.0,12.0,2.0,3.0,11.0,0.0,3.0,4.0,39.0,130,540,28.0,0.0,62.0,37.0,41.0,2.0,0.0,12.0,284,6.0,86,61,9.0,0.0,0.0,0.0,2.0,0.0
201605,1.3941666666666666,1531,35,320,427,245,97,55.0,83,131,0.0,1254,45.0,11.0,59,24.0,33.0,89,6.0,5.0,374,175,17.0,117,2.0,36.0,1054,7.0,0.0,2.0,1237,18.0,1823,1721,27.0,50,580,213,1023,14.0,8.0,16.0,25.0,5.0,480,320,263,25.0,11.0,9.0,252,559,39.0,62,0.0,2.0,163,88.0,6.0,68,236,11.0,13.0,42,425,3.0,0.0,0.0,0.0,201,17.0,1.0,3.0,9.0,8.0,0.0,0.0,348,394,258,1.0,72,9.0,0.0,410,0.0,3.0,0.0,19.0,26.0,2.0,106.0,0.0,125,3.0,0.0,0.0,0.0,0.0,1.0,70.0,7.0,1.0,106,2.0,7.0,1.0,68.0,47.0,2.0,2.0,8.0,25.0,52.0,8.0,2.0,15.0,3.0,0.0,3.0,18.0,12.0,252,788,37.0,4.0,45.0,18.0,56.0,4.0,0.0,59.0,369,3.0,114,84,3.0,10.0,0.0,0.0,0.0,0.0
201606,1.39475,1702,34,278,422,163,141,25.0,100,92,4.0,1222,39.0,22.0,41,5.0,11.0,54,7.0,4.0,340,146,8.0,112,0.0,56.0,1133,5.0,0.0,2.0,1367,7.0,1910,1707,18.0,65,799,289,1066,17.0,1.0,11.0,26.0,4.0,308,401,235,42.0,4.0,9.0,177,469,34.0,89,1.0,6.0,215,18.0,0.0,104,252,2.0,7.0,46,341,4.0,0.0,0.0,0.0,191,4.0,0.0,0.0,4.0,2.0,0.0,0.0,315,441,249,1.0,104,6.0,0.0,371,1.0,10.0,3.0,10.0,20.0,1.0,87.0,1.0,218,2.0,0.0,5.0,2.0,0.0,0.0,40.0,6.0,2.0,55,0.0,10.0,1.0,7.0,18.0,11.0,13.0,2.0,29.0,54.0,8.0,3.0,9.0,6.0,0.0,0.0,6.0,37.0,302,621,42.0,2.0,27.0,12.0,55.0,8.0,1.0,26.0,405,14.0,71,248,13.0,40.0,0.0,0.0,1.0,0.0
201607,1.395333333333333,1637,37,257,370,159,62,14.0,171,41,1.0,1183,45.0,7.0,58,2.0,27.0,46,6.0,1.0,317,239,26.0,78,1.0,50.0,1027,26.0,0.0,1.0,1225,17.0,1963,1777,20.0,37,705,202,1102,18.0,0.0,2.0,38.0,7.0,428,334,185,95.0,5.0,11.0,257,542,27.0,56,1.0,1.0,214,50.0,1.0,59,274,1.0,0.0,69,435,13.0,1.0,3.0,0.0,202,6.0,1.0,0.0,4.0,0.0,0.0,0.0,327,436,200,4.0,131,9.0,0.0,328,0.0,9.0,0.0,14.0,21.0,2.0,57.0,3.0,176,2.0,0.0,1.0,1.0,0.0,0.0,47.0,8.0,1.0,66,0.0,8.0,0.0,18.0,30.0,1.0,3.0,2.0,25.0,49.0,4.0,1.0,3.0,4.0,0.0,0.0,5.0,146.0,249,748,37.0,7.0,38.0,17.0,63.0,13.0,3.0,5.0,412,6.0,79,158,13.0,14.0,0.0,0.0,0.0,0.0
201608,1.3959166666666667,1819,34,362,517,226,133,54.0,291,217,2.0,1534,33.0,24.0,80,6.0,43.0,56,8.0,5.0,313,173,17.0,112,0.0,86.0,1183,17.0,0.0,2.0,1397,22.0,2417,2213,44.0,32,727,354,1395,22.0,2.0,16.0,32.0,3.0,330,421,236,50.0,9.0,4.0,269,550,30.0,92,0.0,2.0,208,32.0,0.0,81,239,0.0,5.0,48,483,5.0,0.0,0.0,0.0,207,6.0,0.0,1.0,3.0,0.0,0.0,0.0,369,519,280,2.0,86,5.0,0.0,482,1.0,3.0,5.0,26.0,33.0,4.0,102.0,3.0,296,33.0,0.0,4.0,0.0,0.0,0.0,130.0,3.0,10.0,95,4.0,7.0,0.0,6.0,29.0,8.0,13.0,5.0,34.0,110.0,14.0,4.0,6.0,6.0,0.0,0.0,11.0,78.0,218,718,57.0,0.0,71.0,26.0,60.0,10.0,0.0,15.0,481,21.0,104,90,195.0,15.0,0.0,0.0,0.0,0.0
201609,1.3965,1708,30,367,542,193,127,36.0,100,32,3.0,1334,36.0,36.0,61,9.0,26.0,56,5.0,4.0,409,149,12.0,77,0.0,76.0,1123,4.0,0.0,0.0,1302,24.0,2220,2090,25.0,30,781,308,1113,11.0,1.0,4.0,21.0,1.0,377,445,293,47.0,0.0,8.0,190,390,30.0,88,1.0,12.0,238,25.0,1.0,51,263,3.0,3.0,40,465,5.0,1.0,0.0,0.0,197,16.0,2.0,1.0,7.0,2.0,0.0,0.0,307,456,197,2.0,71,4.0,2.0,352,1.0,11.0,0.0,23.0,33.0,4.0,48.0,25.0,187,8.0,0.0,0.0,0.0,0.0,0.0,50.0,3.0,5.0,36,0.0,6.0,3.0,25.0,30.0,5.0,9.0,2.0,18.0,87.0,13.0,0.0,5.0,18.0,0.0,1.0,3.0,47.0,272,561,20.0,0.0,28.0,17.0,43.0,11.0,0.0,37.0,406,16.0,109,100,39.0,6.0,0.0,0.0,0.0,0.0
201610,1.3970833333333332,1657,54,300,482,205,80,23.0,200,97,4.0,1234,22.0,19.0,40,4.0,21.0,64,4.0,1.0,436,157,44.0,142,3.0,58.0,1197,2.0,0.0,3.0,1357,26.0,2115,1832,12.0,54,659,219,1097,16.0,2.0,35.0,14.0,3.0,536,451,333,101.0,3.0,12.0,258,462,35.0,105,0.0,0.0,200,48.0,7.0,36,263,1.0,1.0,72,341,8.0,0.0,0.0,0.0,185,13.0,0.0,0.0,4.0,6.0,0.0,0.0,320,339,220,0.0,101,13.0,0.0,318,0.0,16.0,0.0,20.0,27.0,2.0,73.0,5.0,192,7.0,0.0,1.0,0.0,0.0,2.0,40.0,10.0,4.0,59,0.0,5.0,0.0,4.0,54.0,5.0,3.0,6.0,26.0,73.0,1.0,2.0,19.0,16.0,0.0,2.0,26.0,45.0,345,657,15.0,2.0,57.0,9.0,43.0,10.0,0.0,9.0,401,24.0,88,109,23.0,1.0,0.0,0.0,0.0,0.0
201611,1.3976666666666666,1434,34,306,382,166,55,35.0,75,21,7.0,1156,32.0,11.0,65,5.0,40.0,54,9.0,1.0,430,170,17.0,94,1.0,68.0,899,9.0,0.0,1.0,1152,7.0,1801,1621,23.0,33,519,241,1051,12.0,2.0,20.0,32.0,5.0,633,402,231,71.0,0.0,5.0,227,471,49.0,61,0.0,7.0,201,26.0,0.0,106,224,1.0,8.0,65,388,4.0,0.0,1.0,0.0,135,8.0,0.0,0.0,8.0,0.0,0.0,0.0,290,393,248,0.0,112,3.0,0.0,310,0.0,3.0,0.0,12.0,30.0,3.0,41.0,14.0,173,8.0,0.0,1.0,0.0,0.0,0.0,28.0,6.0,10.0,73,0.0,6.0,1.0,7.0,38.0,5.0,2.0,1.0,14.0,71.0,9.0,1.0,4.0,5.0,0.0,2.0,7.0,21.0,209,488,24.0,9.0,46.0,13.0,56.0,4.0,0.0,64.0,247,8.0,98,137,17.0,8.0,0.0,0.0,0.0,0.0
201612,1.39825,1217,22,258,359,169,76,46.0,70,47,0.0,1146,25.0,13.0,73,2.0,10.0,32,0.0,4.0,409,108,27.0,87,2.0,55.0,1106,7.0,0.0,1.0,1080,26.0,1665,1538,14.0,33,472,205,946,14.0,4.0,27.0,31.0,9.0,478,376,278,12.0,4.0,9.0,213,358,34.0,56,1.0,26.0,170,21.0,1.0,67,222,4.0,3.0,47,329,5.0,2.0,0.0,0.0,156,10.0,0.0,0.0,9.0,3.0,0.0,0.0,249,358,259,0.0,76,7.0,1.0,299,1.0,5.0,2.0,17.0,17.0,1.0,69.0,4.0,129,6.0,0.0,1.0,0.0,0.0,0.0,64.0,5.0,8.0,88,0.0,3.0,1.0,15.0,34.0,4.0,7.0,2.0,30.0,47.0,12.0,6.0,10.0,12.0,0.0,6.0,11.0,34.0,263,637,15.0,0.0,31.0,21.0,66.0,5.0,0.0,32.0,356,8.0,67,78,28.0,5.0,0.0,0.0,2.0,12.0
201701,1.3988333333333332,1334,37,300,367,121,92,32.0,99,28,2.0,1130,42.0,14.0,51,0.0,25.0,39,3.0,4.0,342,93,2.0,60,0.0,54.0,914,4.0,0.0,3.0,904,26.0,1620,1454,12.0,45,439,176,1012,19.0,3.0,14.0,6.0,0.0,716,377,231,31.0,2.0,12.0,177,329,29.0,50,0.0,25.0,169,20.0,0.0,63,234,1.0,3.0,81,325,4.0,0.0,4.0,0.0,199,6.0,0.0,0.0,4.0,4.0,1.0,0.0,299,273,198,1.0,63,12.0,0.0,272,0.0,4.0,3.0,9.0,12.0,2.0,58.0,0.0,148,3.0,0.0,0.0,0.0,0.0,0.0,33.0,4.0,1.0,63,0.0,11.0,1.0,6.0,65.0,7.0,3.0,0.0,22.0,58.0,9.0,2.0,4.0,8.0,0.0,0.0,17.0,14.0,212,541,48.0,4.0,51.0,14.0,23.0,4.0,0.0,8.0,248,13.0,62,73,4.0,5.0,0.0,0.0,0.0,0.0
201702,1.3994166666666663,1286,25,257,305,181,56,31.0,121,25,4.0,1098,10.0,8.0,56,0.0,28.0,42,5.0,1.0,278,134,5.0,76,1.0,43.0,1012,11.0,0.0,2.0,977,28.0,1624,1521,15.0,42,508,202,905,12.0,3.0,20.0,11.0,4.0,514,277,181,39.0,23.0,4.0,241,341,21.0,66,0.0,1.0,211,19.0,2.0,39,196,0.0,5.0,52,290,6.0,0.0,0.0,0.0,165,6.0,0.0,1.0,4.0,4.0,0.0,0.0,244,313,156,0.0,55,1.0,2.0,259,0.0,4.0,1.0,15.0,10.0,0.0,47.0,1.0,127,3.0,0.0,0.0,0.0,0.0,0.0,36.0,2.0,1.0,74,0.0,5.0,2.0,5.0,17.0,5.0,2.0,40.0,19.0,44.0,15.0,4.0,13.0,10.0,0.0,2.0,4.0,22.0,189,511,28.0,5.0,74.0,16.0,54.0,1.0,0.0,20.0,350,2.0,74,107,17.0,13.0,0.0,0.0,0.0,2.0
201703,1.4,1413,25,235,321,145,111,30.0,82,28,0.0,1203,18.0,19.0,71,6.0,29.0,29,4.0,7.0,344,164,12.0,84,0.0,51.0,897,14.0,0.0,4.0,1054,29.0,1724,1609,16.0,53,491,174,989,4.0,2.0,18.0,52.0,5.0,313,307,222,43.0,5.0,6.0,193,453,33.0,75,2.0,219.0,201,26.0,1.0,40,257,2.0,5.0,43,287,4.0,4.0,0.0,0.0,159,3.0,0.0,0.0,7.0,4.0,0.0,0.0,193,431,258,0.0,74,10.0,0.0,306,0.0,0.0,0.0,12.0,15.0,1.0,63.0,3.0,142,10.0,0.0,0.0,0.0,0.0,0.0,23.0,8.0,0.0,112,0.0,5.0,0.0,1.0,20.0,3.0,2.0,0.0,17.0,56.0,20.0,5.0,19.0,6.0,0.0,3.0,5.0,22.0,277,720,28.0,0.0,46.0,16.0,49.0,10.0,0.0,11.0,341,5.0,83,74,11.0,4.0,0.0,0.0,1.0,0.0
201704,1.3985,1103,30,205,320,114,77,24.0,77,19,0.0,892,10.0,6.0,22,32.0,26.0,32,4.0,2.0,225,138,7.0,56,1.0,45.0,843,1.0,0.0,0.0,709,10.0,1487,1319,53.0,42,390,133,748,14.0,0.0,1.0,110.0,7.0,368,256,229,49.0,30.0,0.0,172,342,34.0,44,0.0,45.0,132,38.0,2.0,115,175,5.0,3.0,31,221,4.0,0.0,0.0,0.0,140,2.0,0.0,0.0,7.0,6.0,1.0,0.0,183,254,147,1.0,52,4.0,0.0,217,1.0,6.0,2.0,26.0,10.0,1.0,51.0,0.0,139,4.0,0.0,1.0,0.0,0.0,0.0,21.0,4.0,3.0,41,0.0,7.0,0.0,0.0,25.0,27.0,2.0,8.0,19.0,38.0,13.0,0.0,6.0,10.0,0.0,1.0,2.0,12.0,212,360,36.0,1.0,31.0,8.0,32.0,6.0,0.0,21.0,178,5.0,59,61,29.0,22.0,0.0,0.0,0.0,2.0
201705,1.3969999999999998,1071,8,196,275,70,66,29.0,90,32,1.0,829,14.0,5.0,38,10.0,17.0,30,13.0,4.0,219,118,10.0,61,0.0,27.0,989,6.0,0.0,1.0,899,77.0,1542,1417,25.0,24,485,114,765,9.0,1.0,7.0,16.0,2.0,256,290,235,85.0,3.0,5.0,170,339,35.0,61,0.0,3.0,172,14.0,0.0,48,161,1.0,6.0,44,210,0.0,0.0,0.0,0.0,156,2.0,0.0,1.0,8.0,3.0,0.0,1.0,161,293,136,5.0,35,1.0,0.0,207,2.0,1.0,0.0,17.0,17.0,2.0,82.0,1.0,85,1.0,0.0,0.0,0.0,0.0,0.0,31.0,6.0,3.0,55,0.0,4.0,0.0,4.0,25.0,6.0,7.0,1.0,24.0,75.0,11.0,0.0,5.0,3.0,0.0,2.0,2.0,16.0,194,432,9.0,0.0,38.0,35.0,94.0,5.0,0.0,22.0,282,5.0,44,34,10.0,4.0,0.0,0.0,0.0,0.0
201706,1.3955,1232,26,322,306,116,54,39.0,58,29,2.0,875,12.0,1.0,45,3.0,19.0,40,2.0,0.0,268,73,20.0,97,0.0,38.0,866,0.0,0.0,1.0,1004,12.0,1579,1411,16.0,42,517,150,1020,19.0,4.0,43.0,33.0,0.0,271,332,183,80.0,2.0,3.0,182,368,29.0,36,0.0,4.0,159,8.0,0.0,43,206,2.0,8.0,67,301,3.0,2.0,0.0,0.0,196,5.0,0.0,2.0,2.0,0.0,0.0,0.0,256,352,307,2.0,46,7.0,3.0,252,1.0,4.0,0.0,15.0,26.0,2.0,23.0,0.0,150,3.0,0.0,0.0,2.0,0.0,2.0,41.0,8.0,2.0,45,0.0,1.0,1.0,3.0,23.0,17.0,3.0,8.0,22.0,42.0,25.0,7.0,11.0,10.0,0.0,5.0,2.0,76.0,189,461,17.0,1.0,44.0,3.0,10.0,7.0,1.0,17.0,332,7.0,54,72,18.0,12.0,0.0,0.0,0.0,0.0
201707,1.3940000000000001,1089,30,224,274,106,43,46.0,113,22,5.0,927,16.0,10.0,27,5.0,27.0,21,4.0,2.0,297,82,20.0,68,0.0,29.0,692,3.0,1.0,3.0,823,13.0,1359,1230,13.0,20,370,112,693,12.0,0.0,60.0,18.0,0.0,257,235,179,13.0,3.0,2.0,154,326,23.0,60,1.0,3.0,126,9.0,3.0,79,177,0.0,3.0,33,230,6.0,0.0,1.0,0.0,139,12.0,1.0,0.0,7.0,2.0,0.0,0.0,225,262,220,22.0,41,7.0,0.0,231,0.0,2.0,3.0,8.0,12.0,0.0,44.0,2.0,109,6.0,0.0,0.0,1.0,0.0,0.0,12.0,1.0,0.0,48,0.0,1.0,0.0,1.0,20.0,2.0,4.0,1.0,11.0,54.0,8.0,0.0,10.0,2.0,0.0,1.0,11.0,53.0,171,361,11.0,7.0,29.0,8.0,43.0,0.0,0.0,24.0,252,3.0,86,34,10.0,32.0,0.0,0.0,0.0,0.0
201708,1.3924999999999998,1280,32,204,288,114,71,25.0,123,51,0.0,824,13.0,10.0,45,6.0,23.0,29,3.0,5.0,261,76,21.0,53,0.0,32.0,778,0.0,0.0,0.0,880,29.0,1601,1558,9.0,14,435,141,845,10.0,4.0,5.0,29.0,1.0,294,405,209,25.0,12.0,16.0,239,351,36.0,267,1.0,2.0,174,12.0,0.0,96,225,2.0,1.0,51,764,6.0,0.0,0.0,0.0,166,31.0,0.0,0.0,4.0,8.0,0.0,0.0,265,270,262,0.0,35,8.0,0.0,196,1.0,6.0,0.0,13.0,15.0,0.0,41.0,3.0,107,0.0,0.0,0.0,2.0,0.0,1.0,16.0,3.0,1.0,65,0.0,1.0,4.0,3.0,14.0,13.0,5.0,2.0,31.0,52.0,10.0,9.0,12.0,6.0,0.0,6.0,2.0,61.0,203,409,27.0,0.0,146.0,12.0,125.0,1.0,1.0,10.0,319,7.0,58,31,39.0,7.0,0.0,0.0,0.0,0.0
201709,1.391,1161,14,235,358,109,68,29.0,131,34,2.0,1009,16.0,14.0,31,2.0,21.0,29,1.0,0.0,268,105,10.0,59,2.0,38.0,744,0.0,0.0,3.0,860,23.0,1435,1325,19.0,67,453,201,791,6.0,0.0,4.0,10.0,1.0,262,281,183,29.0,0.0,2.0,156,336,29.0,68,0.0,54.0,147,12.0,4.0,58,166,0.0,5.0,47,270,1.0,4.0,0.0,0.0,185,4.0,0.0,0.0,3.0,1.0,0.0,0.0,237,316,176,3.0,89,6.0,0.0,209,3.0,9.0,1.0,11.0,18.0,0.0,57.0,28.0,131,0.0,0.0,0.0,1.0,0.0,0.0,22.0,3.0,1.0,60,0.0,10.0,1.0,1.0,25.0,9.0,4.0,8.0,19.0,56.0,3.0,3.0,16.0,3.0,0.0,1.0,0.0,19.0,146,363,8.0,0.0,36.0,8.0,25.0,1.0,0.0,12.0,285,2.0,66,41,5.0,6.0,0.0,0.0,0.0,2.0
201710,1.3895,1126,22,170,279,139,44,5.0,74,15,4.0,846,23.0,14.0,23,3.0,4.0,23,2.0,5.0,268,97,7.0,73,0.0,66.0,943,3.0,0.0,0.0,906,9.0,1506,1430,12.0,38,398,175,758,5.0,4.0,5.0,8.0,1.0,381,222,191,25.0,3.0,5.0,187,350,16.0,58,0.0,7.0,160,14.0,0.0,47,179,0.0,6.0,55,225,2.0,0.0,0.0,0.0,125,1.0,0.0,0.0,1.0,0.0,0.0,0.0,198,287,148,0.0,62,3.0,0.0,213,0.0,3.0,0.0,1.0,12.0,0.0,34.0,1.0,81,3.0,0.0,0.0,1.0,0.0,0.0,22.0,1.0,7.0,45,1.0,4.0,0.0,1.0,19.0,5.0,5.0,1.0,22.0,47.0,9.0,6.0,9.0,8.0,0.0,0.0,2.0,17.0,228,316,8.0,2.0,38.0,1.0,24.0,3.0,0.0,13.0,168,10.0,95,50,9.0,5.0,0.0,0.0,0.0,3.0
201711,1.3880000000000001,1241,17,238,322,153,52,12.0,82,19,1.0,977,27.0,12.0,44,4.0,19.0,32,5.0,5.0,255,148,19.0,84,0.0,36.0,920,4.0,1.0,2.0,943,9.0,1692,1571,15.0,36,537,200,892,6.0,8.0,4.0,29.0,4.0,384,306,217,86.0,3.0,12.0,246,417,18.0,67,0.0,14.0,136,11.0,11.0,63,269,3.0,0.0,39,308,2.0,0.0,0.0,0.0,175,6.0,0.0,0.0,7.0,1.0,0.0,0.0,201,377,142,0.0,49,4.0,0.0,232,0.0,7.0,0.0,17.0,17.0,1.0,42.0,0.0,114,3.0,0.0,0.0,0.0,0.0,1.0,17.0,4.0,0.0,62,0.0,4.0,0.0,0.0,17.0,9.0,0.0,1.0,15.0,95.0,11.0,3.0,4.0,3.0,1.0,3.0,1.0,24.0,233,375,8.0,0.0,26.0,14.0,29.0,2.0,0.0,10.0,262,7.0,54,75,10.0,2.0,0.0,0.0,0.0,4.0
201712,1.3864999999999998,924,12,161,173,66,57,23.0,57,4,6.0,701,13.0,3.0,22,3.0,8.0,24,3.0,2.0,264,110,9.0,47,0.0,40.0,530,1.0,0.0,4.0,543,13.0,1019,991,6.0,31,319,132,535,11.0,0.0,2.0,9.0,1.0,235,186,163,21.0,0.0,3.0,140,293,29.0,55,2.0,4.0,101,11.0,3.0,45,179,1.0,3.0,22,183,0.0,0.0,0.0,0.0,100,5.0,0.0,0.0,1.0,1.0,0.0,0.0,129,242,112,2.0,32,3.0,0.0,218,0.0,4.0,1.0,8.0,23.0,8.0,48.0,4.0,140,1.0,0.0,1.0,2.0,0.0,1.0,7.0,3.0,3.0,39,0.0,0.0,0.0,2.0,11.0,6.0,3.0,0.0,13.0,42.0,11.0,2.0,2.0,4.0,0.0,1.0,1.0,17.0,180,372,5.0,0.0,27.0,4.0,25.0,2.0,0.0,7.0,205,5.0,50,24,4.0,4.0,0.0,0.0,0.0,0.0
201801,1.3849999999999998,1061,23,194,259,109,62,20.0,61,8,5.0,783,14.0,11.0,29,7.0,9.0,19,2.0,3.0,276,128,15.0,52,1.0,40.0,752,16.0,0.0,0.0,860,17.0,1312,1251,10.0,28,491,153,707,9.0,6.0,15.0,16.0,24.0,340,221,272,38.0,4.0,1.0,128,331,15.0,39,0.0,4.0,127,11.0,2.0,61,212,0.0,6.0,28,169,1.0,0.0,0.0,0.0,114,4.0,1.0,1.0,2.0,2.0,0.0,0.0,165,222,202,0.0,63,8.0,0.0,229,0.0,1.0,2.0,22.0,27.0,0.0,36.0,4.0,130,3.0,0.0,1.0,1.0,0.0,0.0,11.0,1.0,3.0,43,0.0,4.0,2.0,4.0,22.0,2.0,0.0,3.0,12.0,57.0,4.0,0.0,12.0,4.0,0.0,2.0,6.0,15.0,244,550,73.0,0.0,19.0,1.0,32.0,0.0,0.0,19.0,219,6.0,68,28,3.0,2.0,0.0,0.0,0.0,1.0
201802,1.3835,1079,13,252,264,110,61,16.0,50,9,0.0,812,20.0,15.0,15,4.0,11.0,46,8.0,1.0,324,125,9.0,98,0.0,43.0,649,1.0,2.0,0.0,1077,28.0,1282,1199,13.0,37,431,175,764,9.0,2.0,10.0,12.0,2.0,375,307,102,33.0,5.0,2.0,159,387,18.0,50,1.0,8.0,137,9.0,0.0,41,191,7.0,4.0,46,235,5.0,0.0,1.0,0.0,119,4.0,0.0,0.0,5.0,5.0,1.0,0.0,146,237,151,5.0,60,4.0,7.0,191,0.0,6.0,0.0,18.0,12.0,3.0,43.0,3.0,103,1.0,0.0,0.0,0.0,0.0,0.0,17.0,6.0,0.0,78,0.0,3.0,0.0,1.0,28.0,5.0,2.0,3.0,13.0,49.0,64.0,0.0,10.0,6.0,0.0,2.0,2.0,44.0,149,367,27.0,0.0,30.0,4.0,20.0,2.0,0.0,46.0,179,3.0,59,36,3.0,10.0,0.0,0.0,0.0,1.0
201803,1.382,1275,25,235,280,175,45,50.0,78,41,4.0,1094,14.0,29.0,35,5.0,21.0,26,5.0,1.0,239,104,11.0,67,0.0,51.0,936,2.0,0.0,1.0,1053,12.0,1462,1432,15.0,41,570,211,936,18.0,0.0,9.0,43.0,6.0,461,259,217,74.0,2.0,2.0,186,413,30.0,47,0.0,4.0,173,12.0,0.0,50,214,3.0,23.0,63,270,4.0,0.0,0.0,0.0,142,1.0,0.0,0.0,11.0,2.0,0.0,0.0,329,340,234,0.0,70,8.0,5.0,259,0.0,5.0,0.0,10.0,16.0,0.0,77.0,2.0,139,2.0,0.0,0.0,0.0,0.0,1.0,30.0,0.0,1.0,120,0.0,3.0,0.0,3.0,6.0,2.0,1.0,6.0,20.0,59.0,5.0,1.0,8.0,11.0,0.0,0.0,1.0,28.0,219,377,19.0,0.0,24.0,4.0,44.0,1.0,0.0,94.0,275,10.0,64,51,6.0,1.0,0.0,0.0,3.0,3.0
201804,1.3790833333333332,1069,26,197,279,174,49,11.0,91,22,2.0,877,11.0,2.0,27,8.0,29.0,61,2.0,3.0,353,117,9.0,49,0.0,41.0,900,13.0,0.0,0.0,1203,18.0,1423,1378,44.0,27,771,261,782,15.0,1.0,9.0,17.0,4.0,465,298,214,38.0,6.0,4.0,158,310,24.0,40,0.0,8.0,154,8.0,3.0,84,167,0.0,1.0,40,263,5.0,0.0,0.0,0.0,154,7.0,0.0,0.0,6.0,1.0,0.0,0.0,231,227,139,3.0,64,2.0,0.0,206,0.0,0.0,0.0,12.0,28.0,1.0,51.0,0.0,98,5.0,0.0,2.0,8.0,0.0,4.0,66.0,5.0,9.0,46,0.0,2.0,0.0,1.0,13.0,8.0,3.0,2.0,5.0,64.0,17.0,5.0,8.0,11.0,0.0,0.0,4.0,14.0,153,325,17.0,1.0,20.0,8.0,20.0,0.0,1.0,16.0,221,9.0,49,53,8.0,7.0,0.0,0.0,0.0,5.0
201805,1.3761666666666663,1536,27,322,542,285,108,22.0,96,44,1.0,1207,20.0,13.0,26,0.0,12.0,217,1.0,22.0,422,159,9.0,80,0.0,65.0,2326,14.0,2.0,11.0,2996,35.0,2663,2390,86.0,74,1580,890,1058,21.0,3.0,20.0,21.0,5.0,367,347,248,27.0,14.0,5.0,207,480,40.0,39,1.0,2.0,279,13.0,2.0,61,345,15.0,13.0,165,351,0.0,0.0,0.0,0.0,190,6.0,0.0,1.0,4.0,11.0,4.0,0.0,279,352,217,1.0,67,4.0,2.0,305,0.0,9.0,1.0,18.0,103.0,4.0,44.0,1.0,242,39.0,0.0,3.0,3.0,0.0,3.0,43.0,8.0,3.0,69,0.0,6.0,0.0,2.0,28.0,3.0,7.0,1.0,13.0,106.0,24.0,1.0,25.0,176.0,0.0,1.0,4.0,33.0,213,312,10.0,1.0,19.0,20.0,18.0,4.0,0.0,7.0,241,1.0,74,49,4.0,1.0,2.0,0.0,0.0,1.0
201806,1.37325,2432,65,411,719,229,90,34.0,160,22,1.0,1550,14.0,19.0,43,4.0,38.0,301,13.0,6.0,738,158,30.0,96,1.0,120.0,3595,44.0,5.0,17.0,5473,69.0,4001,3722,288.0,88,2979,1984,1761,32.0,5.0,58.0,19.0,4.0,918,382,219,46.0,8.0,7.0,342,447,72.0,45,3.0,12.0,518,21.0,2.0,102,339,49.0,7.0,190,370,21.0,3.0,0.0,0.0,233,19.0,0.0,0.0,13.0,9.0,2.0,0.0,355,616,310,1.0,106,2.0,0.0,496,1.0,4.0,0.0,26.0,119.0,7.0,44.0,10.0,331,9.0,0.0,3.0,4.0,0.0,0.0,87.0,19.0,7.0,108,0.0,4.0,5.0,2.0,200.0,11.0,30.0,12.0,56.0,164.0,18.0,3.0,85.0,152.0,0.0,3.0,4.0,40.0,253,483,37.0,26.0,50.0,20.0,35.0,1.0,1.0,26.0,400,12.0,90,173,15.0,18.0,0.0,0.0,0.0,5.0
201807,1.3703333333333332,1336,17,256,380,127,65,48.0,109,40,1.0,1031,12.0,22.0,44,4.0,19.0,67,6.0,5.0,391,137,16.0,83,0.0,59.0,1143,13.0,3.0,3.0,1751,4.0,1881,1676,25.0,32,904,548,917,1.0,1.0,10.0,24.0,2.0,491,300,199,47.0,1.0,4.0,190,411,33.0,30,1.0,11.0,239,10.0,1.0,31,206,7.0,2.0,59,282,4.0,0.0,1.0,0.0,177,3.0,0.0,4.0,2.0,3.0,2.0,0.0,250,369,231,1.0,95,16.0,0.0,256,0.0,4.0,0.0,34.0,26.0,2.0,115.0,5.0,164,4.0,0.0,3.0,0.0,0.0,0.0,30.0,9.0,2.0,71,0.0,1.0,1.0,2.0,44.0,0.0,4.0,5.0,17.0,78.0,15.0,0.0,22.0,35.0,0.0,1.0,3.0,26.0,146,381,22.0,0.0,27.0,6.0,58.0,0.0,4.0,6.0,211,4.0,81,45,5.0,7.0,0.0,0.0,0.0,1.0
201808,1.3674166666666665,1425,32,294,403,116,84,38.0,131,39,4.0,1101,17.0,18.0,31,1.0,39.0,110,13.0,3.0,445,122,16.0,79,0.0,54.0,1150,7.0,0.0,1.0,2420,12.0,2154,1974,48.0,60,1185,471,1035,12.0,1.0,27.0,21.0,4.0,377,279,280,61.0,47.0,11.0,186,368,33.0,55,0.0,5.0,206,13.0,1.0,36,201,16.0,3.0,95,228,7.0,0.0,2.0,0.0,166,4.0,0.0,1.0,2.0,3.0,0.0,0.0,268,327,289,3.0,59,2.0,0.0,287,0.0,4.0,0.0,44.0,57.0,4.0,83.0,0.0,153,21.0,0.0,0.0,0.0,0.0,1.0,38.0,1.0,2.0,37,0.0,7.0,0.0,7.0,35.0,5.0,6.0,10.0,10.0,104.0,74.0,0.0,64.0,37.0,0.0,1.0,23.0,13.0,170,415,29.0,4.0,32.0,5.0,16.0,3.0,0.0,5.0,260,5.0,76,59,3.0,8.0,0.0,0.0,0.0,7.0
201809,1.3645,1214,25,218,326,136,46,23.0,107,37,1.0,955,25.0,15.0,24,5.0,35.0,85,2.0,5.0,329,125,23.0,61,0.0,57.0,1116,9.0,0.0,3.0,1543,27.0,1502,1396,41.0,38,751,413,923,6.0,3.0,13.0,11.0,9.0,479,245,187,17.0,1.0,5.0,175,354,27.0,59,0.0,3.0,151,24.0,10.0,56,167,1.0,3.0,54,266,3.0,0.0,1.0,0.0,194,10.0,0.0,0.0,3.0,2.0,0.0,0.0,225,283,214,4.0,61,10.0,0.0,224,0.0,7.0,0.0,18.0,43.0,6.0,57.0,0.0,166,8.0,0.0,1.0,6.0,0.0,0.0,19.0,8.0,1.0,44,0.0,2.0,1.0,1.0,20.0,2.0,4.0,0.0,15.0,108.0,50.0,0.0,29.0,33.0,0.0,3.0,7.0,26.0,162,328,2.0,2.0,20.0,5.0,13.0,0.0,0.0,16.0,244,2.0,67,45,0.0,12.0,0.0,0.0,0.0,3.0
201810,1.3615833333333334,1299,41,259,365,182,52,31.0,100,23,2.0,977,12.0,16.0,42,4.0,38.0,60,1.0,1.0,343,151,18.0,96,0.0,122.0,1216,6.0,1.0,1.0,1572,17.0,1716,1569,47.0,59,831,250,867,7.0,3.0,8.0,11.0,2.0,490,383,198,60.0,50.0,2.0,174,432,33.0,38,2.0,3.0,149,20.0,3.0,42,194,18.0,7.0,78,226,0.0,1.0,0.0,0.0,145,3.0,0.0,0.0,4.0,2.0,0.0,0.0,229,336,375,1.0,59,4.0,0.0,295,0.0,1.0,0.0,12.0,18.0,0.0,107.0,0.0,114,3.0,0.0,0.0,2.0,0.0,2.0,19.0,2.0,0.0,48,0.0,2.0,2.0,2.0,39.0,3.0,3.0,1.0,25.0,53.0,12.0,1.0,36.0,16.0,0.0,1.0,12.0,18.0,175,408,16.0,0.0,34.0,12.0,14.0,0.0,0.0,29.0,234,3.0,69,48,6.0,1.0,0.0,0.0,0.0,0.0
201811,1.3586666666666667,1470,36,211,447,173,92,32.0,124,39,6.0,1119,11.0,28.0,27,4.0,14.0,123,3.0,7.0,410,144,19.0,64,0.0,50.0,1638,26.0,0.0,9.0,2754,19.0,2235,2207,119.0,67,1399,499,1137,6.0,1.0,15.0,5.0,1.0,525,293,276,69.0,6.0,5.0,233,342,27.0,35,0.0,10.0,199,20.0,0.0,65,228,3.0,5.0,58,256,6.0,0.0,1.0,2.0,172,13.0,0.0,1.0,4.0,1.0,1.0,0.0,227,343,219,0.0,47,1.0,1.0,278,4.0,3.0,3.0,17.0,58.0,1.0,59.0,4.0,171,6.0,1.0,0.0,0.0,0.0,1.0,25.0,4.0,7.0,68,0.0,6.0,0.0,12.0,27.0,1.0,0.0,2.0,26.0,100.0,16.0,0.0,23.0,41.0,0.0,15.0,2.0,22.0,150,351,7.0,3.0,37.0,7.0,31.0,3.0,0.0,8.0,220,4.0,63,36,8.0,1.0,0.0,1.0,0.0,15.0
201812,1.35575,1041,15,179,208,101,56,30.0,47,21,2.0,719,15.0,5.0,19,1.0,16.0,25,6.0,5.0,222,82,5.0,63,0.0,27.0,523,8.0,0.0,1.0,933,10.0,1014,944,18.0,21,380,251,639,9.0,1.0,20.0,7.0,0.0,190,238,160,34.0,45.0,4.0,130,291,12.0,32,0.0,6.0,140,21.0,1.0,32,112,3.0,1.0,38,197,1.0,1.0,0.0,0.0,126,3.0,0.0,1.0,3.0,1.0,0.0,0.0,189,185,199,2.0,94,4.0,0.0,228,0.0,1.0,0.0,19.0,15.0,1.0,80.0,0.0,102,9.0,0.0,0.0,1.0,0.0,1.0,20.0,1.0,16.0,95,0.0,3.0,0.0,3.0,17.0,5.0,4.0,0.0,8.0,52.0,10.0,5.0,19.0,36.0,0.0,0.0,3.0,19.0,161,250,20.0,4.0,7.0,4.0,21.0,3.0,0.0,5.0,142,2.0,44,35,3.0,0.0,0.0,0.0,0.0,1.0
201901,1.352833333333333,1352,42,270,323,168,41,52.0,65,59,6.0,995,18.0,21.0,45,4.0,41.0,104,2.0,4.0,284,128,10.0,44,0.0,51.0,1021,8.0,0.0,8.0,1663,27.0,1638,1522,13.0,28,854,373,844,16.0,3.0,21.0,24.0,1.0,390,296,335,29.0,0.0,6.0,189,297,32.0,31,1.0,1.0,165,13.0,3.0,35,153,6.0,3.0,58,231,3.0,0.0,1.0,0.0,186,3.0,0.0,0.0,6.0,1.0,1.0,0.0,299,303,234,0.0,80,10.0,0.0,260,0.0,2.0,0.0,13.0,41.0,2.0,98.0,1.0,186,1.0,0.0,4.0,1.0,0.0,0.0,30.0,1.0,1.0,57,0.0,2.0,0.0,3.0,77.0,3.0,1.0,1.0,26.0,49.0,45.0,3.0,14.0,15.0,0.0,1.0,2.0,17.0,158,407,32.0,0.0,21.0,9.0,64.0,3.0,0.0,8.0,204,2.0,63,56,11.0,5.0,0.0,0.0,0.0,0.0
201902,1.3499166666666669,1195,15,216,336,136,57,48.0,77,19,1.0,941,14.0,5.0,29,3.0,16.0,58,3.0,0.0,310,135,31.0,66,1.0,43.0,968,10.0,0.0,2.0,1757,12.0,1482,1326,34.0,31,788,510,762,12.0,3.0,19.0,15.0,0.0,334,278,323,20.0,8.0,2.0,178,295,17.0,25,2.0,0.0,228,14.0,6.0,38,190,14.0,4.0,26,281,2.0,0.0,0.0,0.0,130,4.0,0.0,0.0,1.0,6.0,0.0,0.0,169,290,229,2.0,57,6.0,0.0,217,1.0,1.0,0.0,11.0,15.0,5.0,48.0,0.0,126,3.0,0.0,0.0,4.0,0.0,0.0,13.0,6.0,6.0,57,0.0,2.0,10.0,0.0,35.0,1.0,4.0,2.0,8.0,69.0,5.0,3.0,17.0,30.0,0.0,0.0,3.0,14.0,151,321,25.0,0.0,50.0,16.0,41.0,0.0,0.0,5.0,167,2.0,68,41,11.0,0.0,0.0,0.0,0.0,0.0
201903,1.347,1338,25,225,389,131,64,51.0,66,32,1.0,1044,22.0,10.0,22,3.0,22.0,35,7.0,4.0,289,101,32.0,55,0.0,44.0,654,25.0,0.0,3.0,1131,20.0,1404,1298,15.0,26,618,297,746,11.0,3.0,7.0,25.0,2.0,605,289,209,30.0,48.0,11.0,174,396,32.0,61,1.0,3.0,171,23.0,0.0,66,213,6.0,2.0,42,283,2.0,1.0,0.0,0.0,145,9.0,0.0,1.0,8.0,1.0,0.0,0.0,284,293,182,10.0,63,6.0,0.0,254,0.0,3.0,0.0,10.0,27.0,7.0,58.0,0.0,127,3.0,0.0,3.0,2.0,0.0,1.0,47.0,4.0,7.0,108,0.0,2.0,0.0,1.0,18.0,1.0,1.0,1.0,24.0,226.0,11.0,14.0,17.0,11.0,0.0,0.0,8.0,9.0,376,420,26.0,0.0,39.0,16.0,31.0,0.0,0.0,26.0,249,3.0,55,63,9.0,14.0,0.0,0.0,0.0,0.0
201904,1.344833333333333,1279,34,306,357,189,50,24.0,65,33,0.0,938,15.0,14.0,35,1.0,13.0,43,0.0,9.0,367,143,6.0,59,2.0,64.0,782,17.0,0.0,1.0,947,18.0,1266,1171,14.0,14,515,261,653,22.0,1.0,14.0,9.0,0.0,167,322,193,39.0,0.0,5.0,145,336,9.0,70,1.0,4.0,179,19.0,0.0,43,193,11.0,6.0,34,287,0.0,0.0,0.0,0.0,178,3.0,0.0,0.0,9.0,8.0,2.0,0.0,271,315,130,20.0,69,13.0,0.0,262,2.0,0.0,0.0,15.0,20.0,0.0,47.0,0.0,163,7.0,0.0,0.0,5.0,0.0,0.0,19.0,6.0,5.0,69,0.0,8.0,0.0,1.0,17.0,4.0,11.0,1.0,20.0,87.0,3.0,0.0,25.0,15.0,0.0,0.0,6.0,18.0,182,316,9.0,1.0,64.0,0.0,22.0,0.0,3.0,17.0,247,2.0,46,41,3.0,7.0,0.0,0.0,0.0,0.0
201905,1.342666666666667,1180,21,209,320,136,82,40.0,59,22,3.0,893,17.0,5.0,19,4.0,22.0,40,1.0,0.0,276,90,11.0,56,0.0,30.0,672,2.0,0.0,0.0,981,18.0,1467,1368,19.0,26,486,239,679,5.0,0.0,4.0,22.0,0.0,227,291,206,16.0,1.0,4.0,180,356,29.0,48,0.0,4.0,179,24.0,0.0,42,179,6.0,2.0,38,215,4.0,0.0,0.0,0.0,160,3.0,0.0,3.0,3.0,1.0,0.0,0.0,177,313,181,4.0,66,8.0,0.0,238,3.0,3.0,0.0,6.0,9.0,0.0,42.0,5.0,130,5.0,0.0,0.0,0.0,0.0,0.0,14.0,0.0,0.0,46,6.0,1.0,0.0,3.0,24.0,0.0,10.0,3.0,17.0,60.0,8.0,0.0,9.0,5.0,0.0,0.0,4.0,23.0,227,346,6.0,0.0,43.0,5.0,41.0,1.0,0.0,29.0,190,6.0,45,37,12.0,1.0,0.0,0.0,0.0,0.0
201906,1.3405,976,20,179,301,91,45,10.0,84,33,1.0,764,15.0,10.0,24,1.0,11.0,35,4.0,2.0,248,62,7.0,63,1.0,29.0,771,19.0,0.0,0.0,1105,24.0,1266,1194,57.0,22,581,224,702,8.0,2.0,15.0,11.0,5.0,248,185,185,11.0,1.0,5.0,220,264,15.0,46,0.0,1.0,113,23.0,0.0,27,122,1.0,0.0,67,179,1.0,0.0,0.0,0.0,110,4.0,0.0,0.0,1.0,0.0,1.0,0.0,176,275,149,0.0,37,5.0,0.0,169,0.0,3.0,0.0,7.0,23.0,0.0,32.0,3.0,126,1.0,0.0,0.0,1.0,0.0,0.0,15.0,4.0,0.0,39,0.0,3.0,0.0,6.0,24.0,1.0,3.0,4.0,13.0,65.0,5.0,0.0,9.0,12.0,0.0,3.0,7.0,20.0,159,284,16.0,6.0,24.0,1.0,18.0,4.0,0.0,6.0,232,3.0,37,45,4.0,9.0,0.0,0.0,0.0,0.0
201907,1.3383333333333334,1053,35,216,312,111,76,29.0,65,9,2.0,868,7.0,17.0,42,0.0,15.0,30,2.0,6.0,263,125,11.0,66,0.0,35.0,616,1.0,0.0,1.0,867,19.0,1111,1038,23.0,26,409,249,780,4.0,0.0,2.0,8.0,3.0,289,222,221,46.0,2.0,1.0,199,424,33.0,66,0.0,2.0,155,19.0,0.0,44,205,2.0,4.0,74,309,2.0,1.0,1.0,0.0,147,2.0,0.0,0.0,1.0,0.0,0.0,0.0,182,255,181,1.0,60,11.0,0.0,269,0.0,2.0,1.0,11.0,23.0,3.0,52.0,1.0,101,3.0,0.0,8.0,2.0,0.0,0.0,21.0,1.0,6.0,56,0.0,2.0,0.0,2.0,30.0,5.0,6.0,7.0,31.0,55.0,18.0,2.0,10.0,20.0,0.0,4.0,2.0,20.0,194,423,21.0,4.0,42.0,10.0,11.0,2.0,0.0,11.0,219,5.0,70,35,3.0,0.0,0.0,1.0,0.0,0.0
201908,1.3361666666666667,1042,12,205,273,109,44,15.0,102,27,15.0,819,21.0,10.0,28,5.0,23.0,30,2.0,2.0,279,104,6.0,53,0.0,29.0,663,25.0,0.0,0.0,795,0.0,1280,1195,11.0,37,411,204,683,6.0,1.0,5.0,30.0,0.0,374,221,147,22.0,2.0,2.0,195,369,16.0,56,0.0,2.0,148,19.0,1.0,32,148,7.0,0.0,31,268,1.0,0.0,0.0,0.0,113,1.0,0.0,0.0,2.0,2.0,0.0,0.0,184,309,145,0.0,44,0.0,0.0,205,0.0,1.0,0.0,4.0,31.0,2.0,47.0,0.0,137,0.0,0.0,0.0,0.0,1.0,0.0,18.0,5.0,2.0,57,0.0,6.0,0.0,16.0,22.0,5.0,5.0,1.0,19.0,45.0,8.0,1.0,9.0,3.0,0.0,0.0,6.0,9.0,208,359,10.0,5.0,28.0,11.0,13.0,1.0,0.0,5.0,164,10.0,53,40,40.0,5.0,0.0,0.0,0.0,0.0
201909,1.334,1254,23,243,321,145,80,9.0,202,45,0.0,851,26.0,6.0,21,1.0,20.0,29,9.0,6.0,258,115,20.0,71,0.0,17.0,726,5.0,1.0,1.0,1043,15.0,1451,1329,12.0,28,471,170,748,6.0,1.0,13.0,21.0,8.0,376,242,206,42.0,0.0,2.0,213,379,12.0,31,0.0,1.0,129,15.0,2.0,36,188,0.0,2.0,26,216,2.0,0.0,0.0,0.0,131,2.0,0.0,0.0,3.0,4.0,2.0,0.0,172,274,237,0.0,59,5.0,0.0,213,0.0,1.0,0.0,1.0,24.0,1.0,41.0,0.0,77,5.0,0.0,2.0,0.0,0.0,1.0,42.0,0.0,1.0,69,0.0,0.0,3.0,2.0,26.0,4.0,1.0,4.0,18.0,99.0,5.0,2.0,20.0,5.0,0.0,1.0,3.0,32.0,178,389,52.0,7.0,33.0,3.0,6.0,0.0,0.0,3.0,268,22.0,52,45,5.0,0.0,0.0,0.0,0.0,0.0
201910,1.3318333333333332,1064,18,204,300,112,89,12.0,116,25,3.0,828,19.0,15.0,35,1.0,9.0,31,1.0,3.0,297,141,7.0,35,0.0,44.0,776,6.0,0.0,0.0,882,11.0,1351,1295,13.0,21,503,187,720,16.0,3.0,9.0,10.0,2.0,294,236,193,31.0,1.0,5.0,196,302,36.0,27,0.0,0.0,118,14.0,2.0,42,206,1.0,2.0,32,203,1.0,0.0,0.0,0.0,153,7.0,0.0,0.0,3.0,11.0,0.0,0.0,174,292,151,0.0,38,7.0,0.0,230,0.0,0.0,0.0,13.0,14.0,2.0,64.0,0.0,87,5.0,0.0,8.0,0.0,0.0,0.0,17.0,0.0,0.0,55,0.0,5.0,4.0,7.0,13.0,3.0,5.0,0.0,15.0,44.0,1.0,1.0,3.0,8.0,0.0,1.0,6.0,18.0,227,430,10.0,4.0,14.0,7.0,23.0,2.0,0.0,8.0,205,10.0,54,30,25.0,11.0,0.0,0.0,0.0,0.0
201911,1.3296666666666666,1134,18,204,254,93,63,15.0,92,22,5.0,922,18.0,5.0,39,0.0,18.0,32,7.0,4.0,300,163,10.0,56,0.0,11.0,647,0.0,1.0,0.0,815,0.0,1164,1127,35.0,31,407,191,652,12.0,2.0,11.0,15.0,3.0,342,244,148,76.0,4.0,0.0,158,395,21.0,37,0.0,12.0,128,9.0,2.0,48,155,3.0,5.0,40,224,4.0,0.0,4.0,0.0,121,5.0,0.0,0.0,8.0,1.0,0.0,0.0,216,227,171,0.0,47,2.0,0.0,236,0.0,7.0,4.0,11.0,17.0,3.0,73.0,0.0,115,2.0,0.0,1.0,0.0,0.0,0.0,12.0,5.0,5.0,40,0.0,12.0,0.0,3.0,13.0,2.0,1.0,3.0,14.0,44.0,14.0,3.0,4.0,4.0,0.0,1.0,2.0,21.0,194,347,5.0,2.0,38.0,8.0,25.0,5.0,2.0,22.0,169,14.0,52,28,5.0,1.0,0.0,0.0,0.0,0.0
201912,1.3275,944,27,194,200,95,46,23.0,54,20,0.0,765,23.0,5.0,34,0.0,13.0,32,1.0,2.0,226,96,9.0,49,0.0,23.0,520,8.0,1.0,0.0,601,6.0,1012,963,7.0,29,337,147,555,14.0,3.0,2.0,2.0,0.0,247,202,155,37.0,3.0,2.0,105,337,16.0,37,3.0,3.0,219,9.0,0.0,44,133,2.0,4.0,30,185,3.0,0.0,0.0,0.0,125,2.0,0.0,0.0,5.0,9.0,0.0,0.0,160,163,159,0.0,31,4.0,0.0,272,0.0,0.0,0.0,12.0,21.0,3.0,48.0,2.0,111,0.0,1.0,0.0,1.0,0.0,0.0,9.0,3.0,2.0,68,1.0,2.0,0.0,0.0,31.0,4.0,2.0,2.0,14.0,56.0,6.0,0.0,5.0,14.0,0.0,7.0,4.0,12.0,148,335,18.0,2.0,43.0,8.0,28.0,1.0,0.0,9.0,135,2.0,61,32,2.0,0.0,0.0,0.0,0.0,1.0
202001,1.3253333333333333,953,15,175,199,97,46,34.0,27,13,0.0,793,15.0,11.0,22,0.0,18.0,24,4.0,0.0,228,65,12.0,52,0.0,19.0,644,0.0,0.0,0.0,713,17.0,1264,1131,19.0,25,358,88,505,6.0,1.0,7.0,19.0,1.0,223,210,122,17.0,1.0,2.0,179,233,15.0,60,0.0,0.0,131,13.0,1.0,34,129,3.0,7.0,28,235,2.0,1.0,0.0,0.0,175,2.0,0.0,3.0,3.0,2.0,0.0,0.0,177,183,154,0.0,33,6.0,0.0,251,0.0,7.0,1.0,7.0,1.0,3.0,39.0,1.0,112,0.0,0.0,0.0,0.0,0.0,0.0,14.0,3.0,1.0,39,0.0,6.0,1.0,0.0,4.0,5.0,5.0,0.0,13.0,130.0,7.0,0.0,1.0,3.0,0.0,0.0,14.0,14.0,187,259,8.0,2.0,50.0,7.0,66.0,0.0,0.0,35.0,240,18.0,37,35,6.0,10.0,0.0,0.0,0.0,0.0
202002,1.3231666666666666,1240,28,293,374,98,50,23.0,64,22,2.0,1085,17.0,23.0,25,1.0,24.0,47,3.0,1.0,273,123,10.0,113,0.0,35.0,870,3.0,0.0,0.0,897,13.0,2368,2197,135.0,19,519,183,671,8.0,1.0,4.0,8.0,0.0,226,236,187,16.0,4.0,3.0,223,285,30.0,55,0.0,2.0,153,18.0,0.0,18,169,3.0,1.0,96,265,3.0,0.0,0.0,0.0,158,6.0,0.0,3.0,1.0,1.0,0.0,0.0,174,176,165,2.0,39,3.0,0.0,312,0.0,6.0,0.0,7.0,38.0,1.0,54.0,2.0,155,1.0,0.0,0.0,0.0,0.0,0.0,17.0,3.0,2.0,34,0.0,7.0,0.0,2.0,13.0,3.0,5.0,1.0,15.0,429.0,35.0,5.0,10.0,4.0,0.0,2.0,5.0,7.0,517,276,17.0,0.0,24.0,6.0,52.0,0.0,0.0,13.0,250,88.0,37,45,2.0,2.0,0.0,0.0,0.0,0.0
202003,1.321,1404,32,313,463,189,47,34.0,46,35,1.0,1311,16.0,14.0,45,10.0,37.0,20,0.0,0.0,341,80,8.0,129,0.0,33.0,794,3.0,0.0,1.0,668,29.0,2591,2249,2.0,28,387,235,836,7.0,0.0,5.0,10.0,1.0,150,259,225,7.0,1.0,2.0,241,279,33.0,86,4.0,0.0,190,12.0,3.0,38,212,2.0,2.0,42,281,2.0,1.0,0.0,0.0,235,3.0,0.0,0.0,5.0,0.0,0.0,0.0,265,165,130,2.0,26,7.0,0.0,333,0.0,3.0,1.0,17.0,24.0,0.0,83.0,1.0,188,7.0,0.0,0.0,1.0,0.0,0.0,13.0,5.0,1.0,81,0.0,11.0,0.0,1.0,16.0,2.0,9.0,14.0,11.0,306.0,21.0,1.0,12.0,15.0,0.0,2.0,1.0,18.0,513,281,23.0,1.0,36.0,2.0,85.0,5.0,0.0,17.0,323,31.0,42,40,2.0,1.0,0.0,1.0,0.0,0.0
202004,0.0,1339,26,357,354,137,65,20.0,44,10,0.0,1361,26.0,38.0,60,9.0,20.0,18,2.0,0.0,292,66,10.0,118,0.0,32.0,555,1.0,1.0,0.0,721,23.0,1210,1066,5.0,38,403,225,887,8.0,5.0,2.0,9.0,0.0,135,254,148,24.0,0.0,7.0,333,345,44.0,136,0.0,3.0,184,25.0,1.0,29,231,0.0,3.0,37,291,0.0,1.0,0.0,0.0,189,3.0,0.0,0.0,1.0,0.0,0.0,0.0,199,233,171,6.0,52,6.0,0.0,254,0.0,6.0,0.0,13.0,14.0,2.0,112.0,2.0,238,5.0,0.0,2.0,0.0,0.0,0.0,25.0,3.0,1.0,50,0.0,19.0,0.0,0.0,15.0,4.0,3.0,3.0,18.0,169.0,3.0,5.0,1.0,9.0,0.0,3.0,8.0,26.0,374,230,9.0,0.0,18.0,4.0,9.0,2.0,0.0,11.0,341,29.0,81,23,0.0,0.0,0.0,0.0,1.0,0.0
202005,0.0,1085,19,236,250,170,62,19.0,51,12,0.0,886,17.0,13.0,37,7.0,9.0,20,1.0,1.0,250,57,9.0,87,0.0,41.0,551,4.0,1.0,1.0,674,9.0,1078,1001,7.0,19,286,145,698,7.0,0.0,0.0,19.0,1.0,82,229,155,10.0,0.0,3.0,182,343,25.0,124,0.0,2.0,189,27.0,5.0,26,185,0.0,2.0,44,236,1.0,0.0,0.0,0.0,134,1.0,0.0,0.0,5.0,7.0,0.0,0.0,176,191,136,0.0,57,3.0,0.0,244,0.0,3.0,3.0,18.0,9.0,1.0,92.0,0.0,128,4.0,0.0,0.0,1.0,0.0,0.0,17.0,2.0,3.0,32,3.0,7.0,0.0,0.0,4.0,1.0,4.0,9.0,17.0,97.0,4.0,0.0,1.0,0.0,0.0,1.0,5.0,18.0,158,263,18.0,0.0,33.0,2.0,20.0,0.0,0.0,4.0,249,7.0,46,34,0.0,0.0,0.0,0.0,0.0,0.0
202006,0.0,1251,21,332,372,185,73,33.0,49,22,0.0,1163,17.0,16.0,37,29.0,21.0,29,5.0,1.0,310,111,12.0,74,0.0,47.0,578,9.0,0.0,0.0,903,11.0,1228,1112,3.0,28,521,176,853,12.0,3.0,6.0,14.0,1.0,174,231,194,25.0,2.0,4.0,209,341,28.0,79,0.0,1.0,314,58.0,18.0,98,204,4.0,5.0,56,280,3.0,0.0,0.0,0.0,179,3.0,0.0,1.0,3.0,5.0,0.0,0.0,532,224,164,1.0,64,5.0,0.0,231,0.0,8.0,0.0,7.0,27.0,3.0,98.0,1.0,191,0.0,0.0,1.0,0.0,1.0,0.0,16.0,4.0,3.0,58,0.0,4.0,0.0,5.0,7.0,3.0,7.0,0.0,28.0,56.0,2.0,2.0,5.0,6.0,0.0,1.0,4.0,13.0,183,286,3.0,2.0,38.0,3.0,7.0,0.0,0.0,11.0,253,8.0,55,33,1.0,1.0,0.0,0.0,0.0,0.0
202007,0.0,1289,28,373,422,246,118,35.0,57,12,2.0,1078,15.0,22.0,31,20.0,16.0,27,9.0,1.0,313,69,21.0,73,0.0,21.0,583,10.0,0.0,1.0,869,7.0,1180,1108,6.0,19,471,160,988,9.0,1.0,9.0,28.0,2.0,164,389,214,28.0,4.0,5.0,191,373,20.0,48,0.0,1.0,350,12.0,13.0,60,150,0.0,3.0,30,256,2.0,0.0,0.0,0.0,174,5.0,0.0,0.0,4.0,4.0,0.0,0.0,597,255,178,1.0,32,2.0,0.0,284,0.0,5.0,0.0,11.0,16.0,0.0,40.0,0.0,188,0.0,0.0,1.0,1.0,0.0,0.0,22.0,1.0,2.0,61,0.0,15.0,0.0,5.0,6.0,4.0,8.0,4.0,8.0,53.0,6.0,0.0,5.0,19.0,0.0,0.0,1.0,12.0,194,261,6.0,0.0,33.0,6.0,9.0,1.0,0.0,9.0,208,3.0,57,30,2.0,2.0,0.0,0.0,0.0,0.0
202008,0.0,1014,13,208,233,82,88,19.0,123,59,3.0,867,12.0,5.0,28,4.0,14.0,16,2.0,2.0,258,81,10.0,83,0.0,32.0,676,7.0,0.0,0.0,806,6.0,1353,1281,2.0,19,368,159,735,10.0,0.0,11.0,14.0,1.0,148,262,188,12.0,0.0,3.0,172,265,18.0,56,0.0,1.0,252,14.0,4.0,27,179,0.0,5.0,29,222,2.0,0.0,0.0,0.0,158,1.0,0.0,0.0,6.0,0.0,0.0,0.0,214,228,121,0.0,31,2.0,0.0,231,0.0,3.0,0.0,12.0,10.0,1.0,72.0,0.0,119,0.0,1.0,0.0,1.0,0.0,0.0,9.0,4.0,0.0,28,0.0,4.0,0.0,0.0,8.0,2.0,3.0,0.0,7.0,78.0,8.0,1.0,2.0,14.0,0.0,2.0,2.0,7.0,122,252,5.0,0.0,21.0,7.0,16.0,1.0,0.0,13.0,212,12.0,53,33,0.0,0.0,0.0,1.0,0.0,0.0
202009,0.0,880,25,234,301,152,88,21.0,70,17,0.0,909,24.0,10.0,25,1.0,6.0,25,4.0,0.0,202,60,8.0,85,0.0,40.0,531,8.0,0.0,0.0,634,6.0,923,895,7.0,20,285,206,585,18.0,0.0,1.0,2.0,5.0,180,206,131,19.0,0.0,0.0,145,346,14.0,58,0.0,0.0,280,57.0,3.0,36,122,1.0,7.0,36,213,4.0,0.0,0.0,0.0,130,0.0,0.0,0.0,1.0,0.0,0.0,0.0,169,182,141,3.0,68,7.0,0.0,245,0.0,2.0,0.0,7.0,3.0,0.0,51.0,0.0,105,3.0,0.0,3.0,0.0,0.0,0.0,16.0,1.0,0.0,26,0.0,10.0,2.0,0.0,5.0,2.0,0.0,2.0,9.0,75.0,1.0,1.0,8.0,14.0,0.0,0.0,2.0,14.0,167,248,5.0,0.0,44.0,0.0,12.0,0.0,0.0,16.0,174,8.0,33,23,0.0,1.0,0.0,0.0,1.0,0.0
